emotion_class,cleaned_text,predicted,confidence,correct
Anger,တ ကယ် ပဲ စိတ် ကုန် ဖို့ ကောင်း တယ်,Anger,0.9802514910697937,True
Anger,မင်း ကို လုံး ဝ ခွင့် မ လွှတ် နိုင် ဘူး,Anger,0.4974556267261505,True
Love,ကမ် ဘာ ကြီး က ငါ့ အ ပေါ် ရက် စက် လွန်း တယ်,Sadness,0.5651776790618896,False
Surprise,တ ကယ် ပဲ လား ... ဆု တောင်း တွေ ပြည့် သွား တာ လား,Surprise,0.9899097681045532,True
Love,ဘယ် သူ့ ကို မှ မ တွေ့ ချင် တော့ ဘူး,Sadness,0.6597151756286621,False
Neutral,စိတ် မ ပူ ပါ နဲ့ တော့,Neutral,0.9342887997627258,True
Neutral,အေး ချမ်း မှု အ ပြည့်,Joy,0.5864717960357666,False
Joy,အေး ချမ်း လိုက် တာ,Neutral,0.835423469543457,False
Joy,လန်း ဆန်း လှ,Joy,0.8866946697235107,True
Fear,မ ကြည့် နဲ့ တော့,Fear,0.9446842074394226,True
Anger,စိတ် တို လွန်း လို့ ရူး တော့ မယ်,Anger,0.9726860523223877,True
Fear,ဖုန်း သံ က ထိတ် လန့် စ ရာ,Fear,0.9876691699028015,True
Neutral,သ ဘာ ဝ အ တိုင်း လေး ပဲ,Neutral,0.9387426376342773,True
Neutral,ဒီ နေ့ တော့ လမ်း လျှောက် ထွက် မယ်,Neutral,0.5262349247932434,True
Love,အား တင်း ထား ရ တာ ပင် ပန်း လှ ပြီ,Sadness,0.6747739911079407,False
Surprise,ကြို တင် မ သိ ရ ဘဲ ကြုံ လိုက် ရ တဲ့ ပျော် ရွှင် မှု က အ ကောင်း ဆုံး ပဲ,Surprise,0.9844561815261841,True
Neutral,သူ ငယ် ချင်း တွေ နဲ့ အ တိတ် က အ မှတ် တ ရ ဟောင်း တွေ ကို ပြန် ပြော ရင်း ရယ် မော ရ တဲ့ အ ချိန် က စိတ် ကို တ ကယ် ပေါ့ ပါး လန်း ဆန်း စေ တယ်,Neutral,0.8347949981689453,True
Neutral,ဒီ နေ့ ည နေ ခင်း နေ ဝင် တာ လေး က တ ကယ် လှ တယ်,Neutral,0.894129753112793,True
Anger,ပျက် စီး ခြင်း အ စ ပဲ,Anger,0.9351226091384888,True
Fear,မျက် လုံး မှိတ် ထား လိုက်,Fear,0.8532513380050659,True
Neutral,စိတ် ထဲ မှာ မျှော် လင့် ချက် အ သစ် တွေ နဲ့ လန်း ဆန်း လို့,Joy,0.8145633339881897,False
Neutral,စိတ် ထဲ အား ရ ကျေ နပ် တယ်,Neutral,0.7719176411628723,True
Sadness,လွမ်း ရ တာ မော လှ ပြီ,Sadness,0.6192086338996887,True
Surprise,အ မ လေး ... ရင် တုန် လိုက် တာ ၊ ဒါ ပေ မဲ့ မိုက် တယ်,Surprise,0.9895122647285461,True
Neutral,စိတ် အေး ချမ်း စွာ နား နေ ခြင်း,Neutral,0.9443842172622681,True
Surprise,ဟာ ... မိုက် ချက် က တော့ လွန် ရော ပဲ,Surprise,0.9896926283836365,True
Sadness,ပြန် မ ဆုံ နိုင် တော့ တဲ့ လမ်း ခွဲ,Sadness,0.7541369199752808,True
Anger,စိတ် တို လွန်း လို့ ရင် ဘတ် ထဲ ပေါက် ကွဲ မ တတ် ပဲ,Anger,0.9745193719863892,True
Joy,စိတ် အေး လက် အေး နဲ့ ပျော် တယ်,Joy,0.9128134846687317,True
Joy,ရင် ခုန် ရ လို့ ပျော် တယ်,Joy,0.9750516414642334,True
Fear,အ ထီး ကျန် ရ မှာ ကို တွေး ပြီး ကြောက် နေ မိ တယ်,Fear,0.9922906756401062,True
Anger,အ ချိန် ကုန် တယ်,Anger,0.9805186986923218,True
Anger,မင်း ကို ကြည့် ရ တာ နဲ့ တင် စိတ် ညစ် တယ်,Anger,0.9544914364814758,True
Sadness,ဘယ် သူ မှ မ ကြား နိုင် တဲ့ ငို သံ,Sadness,0.7800806164741516,True
Surprise,ဟာ ... အား လုံး က ချက် ချင်း ကြီး ဖြစ် သွား တာ ပဲ,Surprise,0.9914621710777283,True
Fear,ကြောက် စိတ် က ခန် ဓာ ကိုယ် တစ် ခု လုံး ကို စိုး မိုး ထား လို့ ခြေ လှမ်း တစ် လှမ်း လှမ်း ဖို့ တောင် အင် အား မ ရှိ တော့ သ လို ပဲ,Fear,0.9886970520019531,True
Anger,ဘာ မှ လာ မ ရှင်း ပြ နဲ့,Anger,0.9828013777732849,True
Anger,တောင်း ပန် လည်း မ ရ တော့ ဘူး,Anger,0.9742851853370667,True
Sadness,နှ လုံး သား ရဲ့ အက် ကြောင်း များ,Sadness,0.5759552717208862,True
Joy,လ စာ ရ တဲ့ နေ့ မှာ ကိုယ် လို ချင် တာ လေး ဝယ် လိုက် ရ တဲ့ အ ရ သာ,Joy,0.6669980883598328,True
Fear,ရော ဂါ ရ မှာ ကို ကြောက် တယ်,Fear,0.992757260799408,True
Fear,ငါ့ ရဲ့ ကြိုး စား မှု တွေ အား လုံး က အ ချည်း နှီး ပဲ ဖြစ် သွား မ လား ဆို တဲ့ အ ကြောက် တ ရား က နေ့ တိုင်း နှိပ် စက် တယ်,Fear,0.9916975498199463,True
Love,အ တိတ် ကို ပြန် တွေး တိုင်း ရင် နာ ရ တယ်,Sadness,0.7169746160507202,False
Neutral,စိတ် ထဲ နေ လို့ ကောင်း တယ်,Neutral,0.9239767789840698,True
Neutral,နေ ရ တာ သက် တောင့် သက် သာ ရှိ လှ တယ်,Neutral,0.7655954360961914,True
Joy,ဒီ နေ့ တော့ အ ရာ ရာ ကို ခွင့် လွှတ် နိုင် ပြီး စိတ် ပေါ့ ပါး နေ တယ်,Neutral,0.8832361698150635,False
Neutral,ဘာ ပဲ ဖြစ် ဖြစ် အ ဆင် ပြေ သွား မှာ ပါ,Neutral,0.9205290079116821,True
Joy,သူ ငယ် ချင်း ဟောင်း တွေ နဲ့ မ တွေ့ တာ ကြာ လို့ ပြန် ဆုံ ပြီး ဟား တိုက် ရယ် မော ရ တဲ့ အ ချိန်,Joy,0.5123088955879211,True
Sadness,ဘာ လို့ ငါ့ ကို ထား ခဲ့ တာ လဲ,Sadness,0.6663707494735718,True
Fear,ကိုယ့် ကိုယ် ကိုယ် ယုံ ကြည် မှု ပျောက် ဆုံး ပြီး လူ တွေ ရှေ့ ထွက် ဖို့ ကြောက် နေ တဲ့ စိတ် ဝေ ဒ နာ က တ ကယ့် အိပ် မက် ဆိုး,Fear,0.9913090467453003,True
Joy,စာ အုပ် ဖတ် ရ လို့ ပျော် တယ်,Joy,0.9638957381248474,True
Love,ငါ့ ရဲ့ နာ ကျင် မှု ကို ဘယ် သူ မှ မ မြင် ကြ ဘူး,Sadness,0.6939510703086853,False
Neutral,အ ဝတ် လျှော် ပြီး နေ လှန်း ရ တဲ့ အ လုပ် လေး က ကို စိတ် ကြည် တယ်,Neutral,0.9351438879966736,True
Anger,စိတ် ကုန် စ ရာ ကြီး ဗျာ,Anger,0.9817696213722229,True
Neutral,အ သက် ရှူ ရ တာ ဝ တယ်,Anger,0.8380637168884277,False
Joy,သ တင်း ကောင်း ကြား လို့ ပျော် တယ်,Joy,0.9715883135795593,True
Anger,စောက် ဂ ရု မ စိုက် ဘူး,Anger,0.9799003005027771,True
Sadness,ငါ့ ရဲ့ ကြိုး စား မှု တွေ က အ ရာ မ ထင် ခဲ့ ဘူး,Sadness,0.7974041104316711,True
Neutral,နေ သာ လို့ ကောင်း တယ်,Neutral,0.9273150563240051,True
Anger,မင်း ကြောင့် ငါ အ လုပ် ရှုပ် ရ တယ်,Anger,0.6906676292419434,True
Joy,အ ပူ ပင် ကင်း လို့ ပျော် တယ်,Joy,0.9643632173538208,True
Surprise,ဝိုး ... ဒါ က တော့ မှော် ဆန် တဲ့ ခံ စား ချက် မျိုး ပဲ,Surprise,0.9911049008369446,True
Neutral,စိတ် လန်း ဆန်း သွား တယ်,Neutral,0.7735657691955566,True
Love,ငါ တ ကယ် မော နေ ပြီ,Sadness,0.620804488658905,False
Anger,မင်း က ဘာ သိ လို့ လဲ,Anger,0.9837133884429932,True
Fear,အိပ် လို့ မ ရ တော့ ဘူး,Fear,0.5599197149276733,True
Joy,ကံ ထူး တဲ့ နေ့,Joy,0.9595698118209839,True
Surprise,လုံး ဝ ကို အံ့ ဩ စ ရာ ကောင်း လွန်း တဲ့ ည နေ ခင်း လေး,Surprise,0.9893524646759033,True
Anger,ငါ့ ကို ဘာ မှတ် နေ လဲ,Anger,0.9538484811782837,True
Love,အ ပြုံး တွေ က အ တု အ ယောင် တွေ ပါ,Love,0.5279556512832642,True
Sadness,ဘာ မှ မျှော် လင့် မ ထား သင့် ဘူး,Sadness,0.6887937784194946,True
Surprise,ရင် ထဲ မှာ ပျော် လုံး ဆို့ ပြီး အံ့ ဩ နေ ရ တယ်,Surprise,0.9887680411338806,True
Fear,မ လာ ပါ နဲ့ နဲ့,Anger,0.9318620562553406,False
Fear,အ သံ ကြီး က လည်း ကြောက် စ ရာ,Fear,0.9920328259468079,True
Fear,ကြောက် စ ရာ ကောင်း လိုက် တာ,Fear,0.9920387268066406,True
Fear,ကယ် ကြ ပါ ဦး,Fear,0.969929039478302,True
Fear,ဆံ ပင် တွေ ထောင် သွား တယ်,Fear,0.989251434803009,True
Sadness,ငါ က ပဲ အ မြဲ တမ်း အ မှား လုပ် မိ နေ သ လို ပဲ,Sadness,0.6868596076965332,True
Neutral,အ ရာ ရာ က သာ ယာ အ ဆင် ပြေ လို့,Neutral,0.902326762676239,True
Fear,အ ပြစ် တင် ခံ ရ မှာ ကို ကြောက် တယ်,Fear,0.9926908612251282,True
Love,ဝမ်း နည်း ခြင်း အ နက် ရှိုင်း ဆုံး ထဲ နစ် မြုပ် နေ တုန်း,Sadness,0.8132084608078003,False
Neutral,သ ဘာ ဝ တ ရား က လှ တယ်,Neutral,0.6728887557983398,True
Neutral,အိပ် ရေး ဝ ဝ အိပ် လိုက် ရ လို့ တစ် ကိုယ် လုံး လန်း ဆန်း နေ ပြီ,Neutral,0.8967130780220032,True
Joy,ပီ တိ ဖြစ် ရ တယ်,Joy,0.9536349773406982,True
Joy,ကြည် နူး လွန်း,Joy,0.9773135781288147,True
Neutral,စိတ် ထဲ ပွင့် လင်း သွား တယ်,Neutral,0.8168054819107056,True
Anger,စိတ် ဓာတ် ကောက် ကျစ် တာ,Anger,0.9804077744483948,True
Anger,အ ဆိုး ဆုံး ပဲ,Anger,0.9791309833526611,True
Fear,အ မှောင် ထဲ က ခြေ သံ တွေ ကို ကြား နေ ရ သ လို ပဲ,Fear,0.988635778427124,True
Neutral,နိုး ထ လာ ရ တာ လန်း ဆန်း လှ တယ်,Neutral,0.8713787198066711,True
Surprise,မ ယုံ နိုင် လောက် အောင် ထူး ခြား တဲ့ ခံ စား ချက် ကြီး,Surprise,0.9886256456375122,True
Anger,အ လုပ် မ ရှုပ် စမ်း နဲ့,Anger,0.9797273874282837,True
Fear,လန့် စ ရာ ကြီး,Fear,0.9776990413665771,True
Neutral,ဒီ လို တိတ် ဆိတ် အေး ချမ်း တဲ့ အ ချိန် လေး ကို သ ဘော ကျ တယ်,Neutral,0.9354485869407654,True
Joy,စိတ် ကူး ယဉ် အ တိုင်း ပဲ,Joy,0.660611093044281,True
Joy,အ ပြုံး မ ပျက် ဘူး,Neutral,0.4862123429775238,False
Fear,ချစ် ရ တဲ့ သူ တွေ ငါ့ အ နား က နေ ထာ ဝ ရ ထွက် ခွာ သွား မှာ ကို တွေး မိ တဲ့ စက် ကန့် တိုင်း က င ရဲ ကျ နေ သ လို ပါ ပဲ,Fear,0.9907516241073608,True
Anger,တုံး အ လိုက် တာ,Anger,0.9837116599082947,True
Surprise,အံ့ ဩ စ ရာ တွေ ပြည့် နှက် နေ တဲ့ အ ခိုက် အ တန့် လေး,Surprise,0.9898800849914551,True
Anger,နား မ လည် ဘူး လား,Anger,0.9800675511360168,True
Joy,ရုပ် ရှင် ကြည့် ရ လို့ ပျော် တယ်,Joy,0.973334014415741,True
Neutral,စိတ် ထဲ မှာ ဘာ ကို မှ လို ချင် တော မက် စိတ် မ ရှိ ဘဲ လော လော ဆယ် ရှိ နေ တဲ့ အ ခြေ အ နေ လေး ပေါ် မှာ တင် ကျေ နပ် နှစ် သက် နေ မိ တယ်,Neutral,0.8201679587364197,True
Joy,အ ပူ အ ပင် မ ရှိ တော့ ဘူး,Neutral,0.9051762819290161,False
Joy,ပြုံး မိ တာ,Joy,0.94083172082901,True
Neutral,စိတ် ထဲ က စိုး ရိမ် ပူ ပန် မှု တွေ နဲ့ သံ သ ယ တွေ ကို အား လုံး လွှတ် ချ လိုက် နိုင် တဲ့ အ ခါ ဘ ဝ က တ ကယ့် ကို ရိုး ရှင်း ပြီး နေ ပျော် လာ တယ်,Joy,0.5170672535896301,False
Neutral,ဘာ မှ ထပ် မ လို ချင် တော့ တဲ့ စိတ်,Neutral,0.8563209176063538,True
Neutral,စိတ် ပူ ပန် စ ရာ တွေ အား လုံး ကို ခ ဏ လောက် မေ့ ထား လိုက် ပြီ,Neutral,0.961402952671051,True
Anger,ဒေါ သ တွေ ထိန်း မ ရ တော့ ဘူး,Anger,0.9715359807014465,True
Joy,ပီ တိ လျှံ,Joy,0.967300295829773,True
Love,အ ရင် လို ပြန် မ ဖြစ် နိုင် တော့ ဘူး ပေါ့,Sadness,0.5997223854064941,False
Surprise,မ ယုံ နိုင် စ ရာ ကောင်း လောက် အောင် အ ဆင် ပြေ သွား တာ,Surprise,0.990415096282959,True
Joy,ပေါ့ ပါး လန်း ဆန်း နေ တာ ပဲ,Neutral,0.9534603357315063,False
Joy,ပြုံး ပြ လို့ ပျော် တယ်,Joy,0.9715455770492554,True
Fear,ရှုံး နိမ့် မှာ ကို ကြောက် တယ်,Fear,0.9927434921264648,True
Joy,ကြည် နူး ပီ တိ,Joy,0.9663745760917664,True
Love,ဘာ မှ ဖြစ် မ လာ တော့ တဲ့ အ တိတ် ကို လွမ်း နေ မိ တယ်,Sadness,0.42255526781082153,False
Love,အ ပယ် ခံ ခံ စား ချက်,Sadness,0.8442193269729614,False
Fear,နောက် ကျ မှာ ကို တွေး ပြီး အ လော တ ကြီး ကြောက် နေ တာ,Fear,0.9923574328422546,True
Surprise,ဟယ် ... အဲ လို ကြီး လား !,Surprise,0.9915964007377625,True
Fear,အ သက် ကို ခိုး ရှူ နေ ရ တယ်,Fear,0.9056236743927002,True
Fear,ပိုက် ဆံ မ ရှိ တော့ မှာ ကို အ မြဲ တမ်း စိုး ရိမ် တယ်,Fear,0.9915163516998291,True
Surprise,ထင် မှတ် မ ထား တဲ့ Surprise အ ကြီး ကြီး ပဲ !,Surprise,0.9901465773582458,True
Joy,ကိုယ့် ကို နား လည် ပေး မယ့် သူ ရှိ နေ တာ တ ကယ့် ဆု လာဘ် ပဲ,Joy,0.8386192917823792,True
Surprise,မ ထင် မှတ် ထား တဲ့ ပျော် ရွှင် မှု ကြောင့် ရင် ထဲ မှာ အ ပြည့် အ ဝ အံ့ ဩ ဝမ်း သာ ဖြစ် ရ တဲ့ နေ့,Surprise,0.9887746572494507,True
Sadness,သေ ချာ တာ တစ် ခု က တော့ ငါ့ မှာ မင်း မ ရှိ တော့ ဘူး,Sadness,0.6879130005836487,True
Sadness,အ ရင် လို မ ရယ် မော နိုင် တော့ ဘူး,Sadness,0.5859282612800598,True
Fear,တ ကယ် ကြောက် တာ ပါ,Fear,0.9895660877227783,True
Joy,အ ဆင် ပြေ ချော မွေ့,Joy,0.5529340505599976,True
Fear,နောက် က လိုက် လာ သ လို ပဲ,Fear,0.9900862574577332,True
Anger,ကြည့် မ ရ ဘူး,Fear,0.645038902759552,False
Surprise,ဟာ ... ကြည့် စမ်း ၊ တ ကယ် ကြီး ဖြစ် လာ ပြီ,Surprise,0.9917761087417603,True
Anger,နည်း နည်း မှ အား ကိုး လို့ မ ရ ဘူး,Anger,0.9772824048995972,True
Joy,လက် ခုပ် တီး ချင် လောက် အောင် ပဲ,Sadness,0.781877875328064,False
Love,နှ လုံး သား တစ် ခု လုံး ကွဲ အက် သွား သ လို ပဲ,Love,0.49145424365997314,True
Fear,မ ခေါ် ပါ နဲ့,Fear,0.9623021483421326,True
Joy,ဘ ဝ က တ ကယ့် ကို နေ ချင် စ ရာ ကောင်း လိုက် တာ,Sadness,0.6846927404403687,False
Anger,စ ကား ကို ဖြတ် မ ပြော နဲ့,Anger,0.9796874523162842,True
Anger,ရွံ စ ရာ ကြီး,Anger,0.9785004258155823,True
Love,သူ များ တွေ ပျော် နေ တာ မြင် ရင် ပို ဝမ်း နည်း ရ တယ်,Sadness,0.6902108192443848,False
Joy,လန်း ဆန်း တက် ကြွ,Joy,0.8530806303024292,True
Love,ကူ ညီ မယ့် သူ မ ရှိ ဘူး,Sadness,0.738818347454071,False
Fear,နောက် ပြန် မ လှည့် ရဲ ဘူး,Fear,0.9793680906295776,True
Joy,စိတ် အေး သွား ပြီ,Neutral,0.7198349833488464,False
Neutral,ကိုယ့် ကိုယ် ကိုယ် အ ချိန် ပေး ဖြစ် တဲ့ နေ့,Neutral,0.9502411484718323,True
Joy,မျက် နှာ ပွင့် လန်း သွား တာ ပဲ,Neutral,0.5784241557121277,False
Joy,စိတ် အေး ရ ပြီ,Neutral,0.5947867631912231,False
Fear,စာ မေး ပွဲ ကျ မှာ ကို တွေး ပြီး ရင် တုန် နေ ပြီ,Fear,0.9919943809509277,True
Neutral,နေ ရ တာ သက် တောင့် သက် သာ,Neutral,0.9480664730072021,True
Joy,စိတ် ချမ်း သာ,Joy,0.8718035817146301,True
Fear,ဒီ အ ခြေ အ နေ ကြီး က နေ လွတ် မြောက် ချင် ပြီ,Fear,0.9908937215805054,True
Love,နှုတ် ဆက် စ ကား တောင် မ ပြော နိုင် ခဲ့ ကြ ဘူး,Sadness,0.7277372479438782,False
Fear,ရေ နက် ထဲ ဆင်း ရ မှာ ကြောက် တယ်,Fear,0.9929278492927551,True
Neutral,စိတ် အ ပန်း ပြေ သွား ပြီ,Neutral,0.8312391638755798,True
Neutral,သ ဘာ ဝ အ လှ တ ရား,Neutral,0.6014695763587952,True
Neutral,စိတ် အေး ရ တဲ့ နေ့,Neutral,0.8820990920066833,True
Fear,အ ချိန် မ မှီ မှာ ကို ကြောက် တယ်,Fear,0.9922153353691101,True
Love,မျှော် လင့် ခြင်း ကင်း မဲ့ တဲ့ မ နက် ခင်း,Sadness,0.8869942426681519,False
Surprise,ဟား ... ဒါ က တော့ လုံး ဝ ကွက် တိ ပဲ ၊ အံ့ ဩ သွား တာ ပဲ,Surprise,0.9912172555923462,True
Fear,ကယ် ကြ ပါ ဘု ရား,Fear,0.9861948490142822,True
Fear,ရန် ဖြစ် မှာ ကို ကြောက် တယ်,Fear,0.9927934408187866,True
Joy,စိတ် ကျေ နပ် မှု အ ပြည့်,Joy,0.6308000683784485,True
Joy,ဘာ လို သေး လဲ,Anger,0.8087689876556396,False
Neutral,စိတ် အေး လက် အေး ရှိ နေ တာ ဇိမ် ပဲ,Neutral,0.9538499712944031,True
Neutral,အိပ် ရာ နိုး ရ တာ လန်း ဆန်း လိုက် တာ,Neutral,0.9345320463180542,True
Neutral,စိတ် အေး လက် အေး,Neutral,0.5778104066848755,True
Neutral,သီ ချင်း အေး အေး လေး က စိတ် ကို ကု စား ပေး တယ်,Neutral,0.9012176990509033,True
Love,အ ထီး ကျန် ခြင်း က ငါ့ အ ဖော်,Sadness,0.6618489623069763,False
Neutral,ဘ ဝ ကို ကျေ နပ် စွာ ဖြတ် သန်း ခြင်း,Neutral,0.8764891624450684,True
Neutral,အေး ချမ်း တဲ့ မ နက် ခင်း လေး,Neutral,0.9376130104064941,True
Joy,စိတ် အ နှောင့် အ ယှက် တွေ အား လုံး ယူ ပစ် သ လို ပျောက် ကွယ် သွား ပြီ,Neutral,0.9567241668701172,False
Fear,ခေါင်း ထဲ မှာ အ ဆိုး မြင် အ တွေး တွေ ပဲ တ ရ စပ် ဝင် လာ ပြီး ကြောက် စိတ် ကြောင့် ဘာ မှ ဆက် မ လုပ် ရဲ တော့ ဘူး,Fear,0.9914082884788513,True
Neutral,ဘာ အ ပူ မှ မ ရှိ တဲ့ နေ့ ရက် များ,Neutral,0.9376331567764282,True
Fear,လူ တွေ အား လုံး ငါ့ ကို ဝိုင်း ကြည့် နေ သ လို ပဲ,Fear,0.9858198165893555,True
Fear,အ ဝေး မှာ နေ ပါ,Sadness,0.556064784526825,False
Love,ဘယ် တော့ မှ ပြန် မ လာ တော့ မယ့် အ ရာ တွေ,Love,0.49255600571632385,True
Neutral,ကိုယ့် အ ချိန် နဲ့ ကိုယ်,Neutral,0.7627105116844177,True
Fear,ပိုး ဟပ် မြင် ရင် ကြောက် တယ်,Fear,0.9925335645675659,True
Love,အိပ် မက် တွေ က ပျက် စီး သွား ပြီ,Sadness,0.7647082805633545,False
Fear,ဟင် ၊ ဘာ သံ လဲ,Fear,0.9826831817626953,True
Joy,ကံ ကောင်း ခြင်း,Joy,0.9670537114143372,True
Neutral,ရင် ထဲ ငြိမ်း ချမ်း သွား တာ ပဲ,Neutral,0.7249012589454651,True
Fear,အ သံ ဗ လံ တွေ ကြား ရ တိုင်း လန့် လန့် သွား တယ်,Fear,0.987506628036499,True
Neutral,ရင် ထဲ မှာ ဘာ သံ သ ယ မှ မ ရှိ ဘဲ ရှင်း ရှင်း လင်း လင်း ရှိ နေ တာ,Neutral,0.942034900188446,True
Fear,ရင် ဘတ် ဖိ ထား ရ တယ်,Sadness,0.6962930560112,False
Neutral,ဇိမ် ကျ လိုက် တာ,Neutral,0.7861326336860657,True
Sadness,စိတ် တွေ လေ လွင့် နေ တယ်,Sadness,0.6971234083175659,True
Neutral,လွတ် လပ် မှု အ ပြည့် ပဲ,Neutral,0.857610285282135,True
Joy,လေ ညှင်း ခံ ရ လို့ ပျော် တယ်,Joy,0.9649390578269958,True
Sadness,နှုတ် မ ဆက် ဘဲ ထွက် ခွာ သွား ကြ တယ်,Sadness,0.5722071528434753,True
Fear,သူ တစ် ပါး ရဲ့ ဒေါ သ တ ကြီး အော် ဟစ် သံ တွေ ကို ကြား ရ တဲ့ အ ခါ တိုင်း ငယ် ငယ် က အ ကြောက် တ ရား တွေ ပြန် ပေါ် လာ တယ်,Fear,0.9918740391731262,True
Sadness,ဘာ ကြောင့် မှန်း မ သိ ဘဲ ဝမ်း နည်း နေ တဲ့ ည နေ ခင်း,Sadness,0.8328611850738525,True
Joy,သာ ယာ ချက်,Joy,0.8207544088363647,True
Neutral,သ ဘာ ဝ အ သံ တွေ က သာ ယာ လိုက် တာ,Neutral,0.9608737230300903,True
Anger,အ ဝေး ဆုံး ကို လွင့် သွား စမ်း,Anger,0.9737043380737305,True
Joy,ကံ ကောင်း လို့ ပျော် တယ်,Joy,0.9701595902442932,True
Joy,သူ တစ် ပါး ကို ကူ ညီ လိုက် ရ လို့ စိတ် ထဲ ကြည် နူး ပီ တိ ဖြစ် ရ တယ်,Neutral,0.5418014526367188,False
Joy,ပျော် ရွှင် စ ရာ,Joy,0.9781275987625122,True
Neutral,စိတ် အ ပြောင်း အ လဲ လေး,Neutral,0.8941332697868347,True
Love,မျက် ရည် တွေ က ခေါင်း အုံး ပေါ် မှာ အ စွန်း အ ထင်း တွေ ဖြစ် လို့,Sadness,0.5399501919746399,False
Neutral,အေး ချမ်း ခြင်း က ဒီ မှာ တင် ပဲ,Neutral,0.9166455268859863,True
Anger,တစ် ခု မှ အ ဆင် မ ပြေ ဘူး,Anger,0.9723635911941528,True
Joy,ပျော် ရွှင် စ ရာ အ မှတ် တ ရ တွေ တိုး လာ ပြန် ပြီ,Joy,0.9646821618080139,True
Joy,စိတ် ကျေ နပ်,Joy,0.7911805510520935,True
Fear,ည ဘက် လမ်း မီး မ ရှိ တဲ့ လမ်း ကြား ထဲ တစ် ယောက် တည်း လျှောက် ရ တာ က တ ကယ့် ကို သွေး ပျက် စ ရာ ည တစ် ည ပဲ,Neutral,0.634467601776123,False
Fear,ကိုယ့် ရဲ့ အား နည်း ချက် တွေ ကို သူ တ ပါး သိ သွား ပြီး လှောင် ပြောင် ကြ မှာ ကို သေ မ တတ် ကြောက် မိ တာ အ မှန် ပဲ,Fear,0.9913343787193298,True
Fear,မိုး ခြိမ်း ရင် လန့် တတ် တယ်,Fear,0.9891849756240845,True
Fear,ဒီ ည တော့ မီး ဖွင့် ပြီး ပဲ အိပ် တော့ မယ်,Neutral,0.9247304201126099,False
Neutral,ဘ ဝ က ဒီ လို ပဲ အေး ဆေး ပေါ့,Neutral,0.9375324249267578,True
Neutral,စိတ် ကူး တွေ ယဉ် လို့ ကောင်း တုန်း,Neutral,0.8837089538574219,True
Joy,က လေး လေး တွေ ရိုး ရိုး သား သား နဲ့ အော် ဟစ် ရယ် မော နေ တာ ကြည့် ပြီး ပျော် တာ,Joy,0.8771876692771912,True
Neutral,အေး အေး လူ လူ ရှိ နေ တယ်,Neutral,0.9578156471252441,True
Anger,တ မင် သက် သက် လုပ် နေ တာ လား,Anger,0.9751110076904297,True
Joy,ကြိုး စား ထား တဲ့ စာ မေး ပွဲ မှာ အ မှတ် ကောင်း ကောင်း နဲ့ အောင် မြင် သွား တဲ့ နေ့,Joy,0.7663341760635376,True
Joy,သူ ငယ် ချင်း တွေ နဲ့ အ တူ တောင် တက် ရင်း ထိပ် ဆုံး ကို ရောက် သွား တဲ့ အ ချိန် ခံ စား ရ တဲ့ အောင် ပွဲ က ရင် ခုန် စ ရာ ပဲ,Joy,0.9406667947769165,True
Love,အား ကိုး ရာ မဲ့ နေ တဲ့ ခံ စား ချက် ကြီး,Sadness,0.7065746784210205,False
Joy,စိတ် လှုပ် ရှား စ ရာ ကောင်း လိုက် တာ,Neutral,0.7650588154792786,False
Neutral,စိတ် ကျေ နပ် မှု ရှိ တယ်,Neutral,0.6844083070755005,True
Joy,သီ ချင်း နား ထောင် ရ လို့ ပျော် တယ်,Joy,0.9702063798904419,True
Neutral,စာ အုပ် ကောင်း တစ် အုပ် နဲ့ တင် နေ့ လယ် ခင်း က ပြီး ပြည့် စုံ တယ်,Neutral,0.7100850343704224,True
Joy,ပိတ် ရက် မှာ အိပ် ရေး ဝ ဝ အိပ် လိုက် ရ လို့ စိတ် ကြည် လင် နေ တာ,Neutral,0.669366717338562,False
Neutral,အေး အေး ဆေး ဆေး ပါ ပဲ,Neutral,0.9576261639595032,True
Joy,ပျော် လိုက် တာ,Joy,0.9700598120689392,True
Anger,တော် တော် လွန် သွား ပြီ,Anger,0.9818150401115417,True
Anger,စိတ် ပျက် စ ရာ လူ တန်း စား,Anger,0.9837824702262878,True
Love,မျှော် လင့် ချက် ဆို တာ ငါ နဲ့ မ ထိုက် တန် တဲ့ အ ရာ,Sadness,0.6960790753364563,False
Surprise,တ ကယ် ကြီး ဖြစ် သွား တာ လား ... မ ယုံ နိုင် ဘူး,Surprise,0.9919722080230713,True
Anger,ငါ့ ဘ ဝ ထဲ က ထွက် သွား,Anger,0.963788628578186,True
Joy,အား လုံး အ ဆင် ပြေ လို့ ပျော် တယ်,Joy,0.9550036787986755,True
Fear,ပိုက် ဆံ ပြတ် လပ် မှာ ကို ကြောက် တယ်,Fear,0.9929248094558716,True
Sadness,မျှော် လင့် ခြင်း ရဲ့ နောက် ဆက် တွဲ က နာ ကျင် မှု,Sadness,0.8555396199226379,True
Anger,ငါ အ ခု ဒေါ သ ထွက် နေ တယ်,Anger,0.9735932350158691,True
Sadness,စိတ် ပျက် မိ တယ်,Anger,0.8626264333724976,False
Joy,အ ပူ အ ပင် ကင်း,Joy,0.622592568397522,True
Neutral,စိတ် အေး လက် အေး ရှိ တယ်,Neutral,0.9308568239212036,True
Fear,လက် ဖျား ခြေ ဖျား တွေ အေး လို့,Fear,0.9899677038192749,True
Sadness,အ ရာ ရာ က ပြီး ဆုံး သွား ခဲ့ ပြီ လေ,Sadness,0.6526490449905396,True
Love,အ ရာ ရာ ကို လက် လျှော့ လိုက် ချင် ပြီ,Sadness,0.6946104168891907,False
Anger,အ ဓိပ် ပာယ် မ ရှိ တာ တွေ,Anger,0.9826248288154602,True
Neutral,ရင် ထဲ မှာ ဘာ အ ပူ မှ မ ရှိ တဲ့ ခံ စား ချက်,Neutral,0.9372308850288391,True
Neutral,စာ အုပ် တစ် အုပ် နဲ့ တင် စိတ် အ ပန်း ပြေ တယ်,Neutral,0.840977132320404,True
Fear,ပြေး ကြ စို့,Fear,0.9344602823257446,True
Joy,ရင် ထဲ က ပီ တိ တွေ လှိုက် တက် လာ တာ,Neutral,0.5159677267074585,False
Neutral,စိတ် ချမ်း သာ စ ရာ,Neutral,0.6039690375328064,True
Joy,စိတ် ကူး ယဉ် ခဲ့ တဲ့ ခ ရီး စဉ် လေး ကို တ ကယ့် လက် တွေ့ သွား ရ တော့ မယ့် အ ချိန်,Joy,0.5911268591880798,True
Joy,စိတ် အ ပန်း ပြေ သွား တယ်,Neutral,0.8035774230957031,False
Anger,အ ခု ချက် ချင်း ရပ် လိုက်,Anger,0.9427732825279236,True
Love,ဒီ အ တိုင်း ပျောက် ကွယ် သွား ချင် တယ်,Sadness,0.6313149929046631,False
Joy,စိတ် ကျေ နပ် မှု အ ပြည့် ပဲ,Neutral,0.8181012868881226,False
Fear,လူ ကြီး တွေ ဆူ မှာ ကို ကြောက် နေ ရ တာ,Fear,0.9928730726242065,True
Surprise,အံ့ ဩ လွန်း လို့ သွေး တောင် တက် ချင် ချင် ပဲ,Surprise,0.9910434484481812,True
Anger,ဘာ လဲ ဗျာ,Anger,0.9449931979179382,True
Surprise,ဝိုး ... ဒီ Surprise က တော့ လုံး ဝ ကို ထိ မိ တယ်,Surprise,0.9916204214096069,True
Joy,လူ သား တစ် ယောက် အ နေ နဲ့ ဒီ ကမ် ဘာ ပေါ် မှာ အ သုံး ဝင် ပြီး အ ကျိုး ရှိ ရှိ ရှင် သန် နေ ရ တယ် လို့ ခံ စား ရ တဲ့ အ ချိန်,Neutral,0.798688530921936,False
Neutral,ရိုး ရိုး လေး ပဲ ကောင်း ပါ တယ်,Neutral,0.9534358382225037,True
Joy,ကြည် နူး စ ရာ လေး,Joy,0.9455978870391846,True
Sadness,အ တိတ် ရဲ့ အ ရိပ် တွေ က ခြောက် လှန့် နေ တုန်း ပဲ,Sadness,0.7391149401664734,True
Fear,ဆေး ရုံ သွား ရ မှာ ကို ကြောက် တယ်,Fear,0.9927055239677429,True
Anger,စိတ် ဆိုး တာ မ ဟုတ် ဘူး ၊ ဒေါ သ ထွက် တာ,Anger,0.9822577834129333,True
Surprise,ဟား ... ဒါ မျိုး ကျ တော့ လည်း ရင် ခုန် စ ရာ ကြီး ဗျာ,Surprise,0.991186797618866,True
Joy,မိုး ရွာ နေ တုန်း အိမ် မှာ စောင် လေး ခြုံ ပြီး စာ အုပ် ဖတ် ရ တဲ့ အ ရ သာ,Neutral,0.7481505274772644,False
Anger,အ လုပ် မ ရှုပ် နဲ့,Anger,0.9771302938461304,True
Anger,ဖယ် စမ်း ပါ,Anger,0.8688383102416992,True
Love,ဝမ်း နည်း ရ လွန်း လို့ ရင် ဘတ် ကြီး က လေး လံ နေ တယ်,Sadness,0.6778713464736938,False
Surprise,ဝါး ... ဒါ က တော့ ကမ် ဘာ ပေါ် မှာ အ မိုက် ဆုံး Surprise ပဲ,Surprise,0.9909330606460571,True
Fear,အား လုံး ဆုံး ရှုံး မှာ ကို ကြောက် တယ်,Fear,0.992731511592865,True
Love,ဒီ နေ့ လည်း စိတ် ညစ် စ ရာ တွေ နဲ့ ပဲ ပြီး သွား ပြန် ပြီ,Sadness,0.710406482219696,False
Anger,လေ သံ ကို က စိတ် တို စ ရာ,Anger,0.9821234345436096,True
Anger,လာ မ စမ်း နဲ့,Anger,0.9809927344322205,True
Sadness,နှ လုံး သား က အေး စက် သွား ပြီ,Sadness,0.6480200886726379,True
Joy,စိတ် တိုင်း ကျ ပဲ,Neutral,0.7391731142997742,False
Neutral,အ ကြံ အ ဖန် မ ရှိ ရှင်း လင်း တယ်,Neutral,0.8854472637176514,True
Surprise,လုံး ဝ ကို အံ ဩ ပြီး ကျောက် ရုပ် လို ဖြစ် သွား တယ်,Surprise,0.9914488196372986,True
Neutral,ဘာ မှ ပြိုင် ဆိုင် မ နေ ရ တာ လွတ် လပ် တယ်,Neutral,0.7398655414581299,True
Fear,မီး ဖွင့် ပေး ပါ ဦး,Fear,0.9806698560714722,True
Joy,ကြည် နူး စ ရာ နေ့ ရက်,Joy,0.9683216214179993,True
Joy,မ နက် ခင်း ကော် ဖီ ပူ ပူ လေး သောက် ရင်း စိတ် ကူး တွေ လန်း ဆန်း လာ တဲ့ အ ချိန်,Neutral,0.7690553665161133,False
Neutral,အ ဆင် ပြေ ပြေ ပါ ပဲ,Neutral,0.8435552716255188,True
Anger,လာ မ ပတ် သက် နဲ့ တော့,Anger,0.9828429818153381,True
Neutral,စိတ် ကျေ နပ် စ ရာ ပဲ,Neutral,0.8761977553367615,True
Joy,ကိုယ် ပေး လိုက် တဲ့ လက် ဆောင် ကို သူ ငယ် ချင်း က သ ဘော ကျ လို့ ကြည် နူး ရ တာ,Joy,0.5598530173301697,True
Surprise,လုံး ဝ ထင် မှတ် မ ထား တဲ့ ရ လဒ် ပဲ ဗျာ,Surprise,0.9890730977058411,True
Neutral,စိတ် ထဲ အေး ချမ်း လို့ ကောင်း လိုက် တာ,Neutral,0.9181122779846191,True
Fear,မီး ပျက် ရင် တုန် လှုပ် မိ တယ်,Fear,0.9909046292304993,True
Joy,ရင် ထဲ အေး,Joy,0.753037691116333,True
Fear,အ နာ ဂတ် ကို တွေး ပြီး ကြောက် တယ်,Fear,0.9919490814208984,True
Anger,မင်း က ဘာ မို့ လို့ လဲ,Anger,0.9752741456031799,True
Joy,ချီး ကျူး ခံ ရ လို့ ပျော် တယ်,Joy,0.9718878269195557,True
Fear,လမ်း ပျောက် မှာ ကို ကြောက် တယ်,Fear,0.9926878213882446,True
Joy,ဝမ်း မြောက် မိ တယ်,Joy,0.9387906789779663,True
Fear,ခြောက် ခြား စ ရာ,Fear,0.9612471461296082,True
Love,ရင် ထဲ မှာ ဟာ လာ ဟင်း လင်း ပဲ,Sadness,0.648779571056366,False
Neutral,စိတ် ထဲ မှာ ရှင်း လင်း ပြီး လန်း ဆန်း လို့,Neutral,0.8908111453056335,True
Love,နှုတ် ဆက် ခဲ့ ပါ တယ်,Sadness,0.5842933058738708,False
Sadness,လူ ပို ကြီး ဖြစ် နေ သ လို ပဲ,Sadness,0.7063024044036865,True
Love,ဘာ ကြောင့် ဒီ လောက် ထိ ခံ စား ရ လဲ မ သိ တော့ ဘူး,Sadness,0.7355141639709473,False
Fear,ပြေး မှ ဖြစ် မယ်,Fear,0.9096513390541077,True
Anger,ပြော လို့ ကို မ ရ ဘူး,Anger,0.9761568903923035,True
Joy,ထင် မှတ် မ ထား တဲ့ အ ပျော်,Joy,0.7710402011871338,True
Neutral,စိတ် ထဲ မှာ ကြည် လင် ရွှင် လန်း နေ တဲ့ နေ့ တစ် နေ့,Neutral,0.8864316940307617,True
Fear,လက် တွေ တုန် နေ လို့,Fear,0.9746965765953064,True
Joy,အ ဝတ် သစ် ဝတ် ရ လို့ ပျော် တယ်,Joy,0.9628083109855652,True
Neutral,ဟန် ချက် ညီ တယ်,Joy,0.5659742951393127,False
Love,စိတ် ပျက် စ ရာ တွေ ချည်း ပဲ,Anger,0.8235579133033752,False
Fear,အ ဆင် မ ပြေ မှာ ကို တွေး ပြီး ကြောက် နေ မိ တာ,Fear,0.992240309715271,True
Neutral,ဘာ မှ တွေး မ ပူ ဘဲ အေး ဆေး နေ လိုက် မယ်,Neutral,0.9674369692802429,True
Joy,စိတ် ပင် ပန်း သ မျှ အား လုံး ကို သား သ မီး လေး တွေ ရဲ့ ချစ် စ ရာ အ ပြုံး တွေ က ချက် ချင်း ယူ ပစ် သ လို ပျောက် ကွယ် စေ တယ်,Neutral,0.9149284958839417,False
Neutral,စိုး ရိမ် စိတ် တွေ ပျောက် ပြီ,Neutral,0.9517027735710144,True
Sadness,ရင် ထဲ မှာ ဟာ လာ ဟင်း လင်း ဖြစ် သွား တယ်,Sadness,0.7353083491325378,True
Neutral,သီ ချင်း လေး နဲ့ တိမ် တွေ ကို ငေး နေ တာ,Neutral,0.7943876385688782,True
Joy,ကောင်း လိုက် တာ,Joy,0.9391624927520752,True
Fear,လူ အုပ် ကြီး ကို ကြောက် တယ်,Fear,0.9925580024719238,True
Joy,စိတ် ရွှင် လန်း,Joy,0.9404332041740417,True
Fear,ရင် ဘတ် ထဲ မ ကောင်း ဘူး,Fear,0.621707022190094,True
Neutral,မိုး ဖွဲ ဖွဲ လေး ရွာ နေ တဲ့ အ ချိန် မှာ ပြ တင်း ပေါက် နား ထိုင် ပြီး စာ ဖတ် ရ တဲ့ အ ရ သာ က ဘာ နဲ့ မှ မ လဲ နိုင် တဲ့ သ ဘာ ဝ အ လှ တ ရား ပဲ,Neutral,0.9569270014762878,True
Neutral,ဒီ အ တိုင်း လေး ပဲ အ ဆင် ပြေ ပါ တယ်,Neutral,0.9059647917747498,True
Fear,ရော ဂါ ဖြစ် မှာ ကို တွေး ပြီး အ မြဲ ကြောက် နေ ရ တယ်,Fear,0.9923001527786255,True
Neutral,တစ် နေ့ တာ လုံး အေး ဆေး ပါ ပဲ,Neutral,0.9610586166381836,True
Joy,စိတ် ရွှင် မြူး,Joy,0.9655821323394775,True
Joy,အိပ် မက် ဆန်း လေး,Joy,0.9086264371871948,True
Neutral,အ ပင် လေး တွေ ကြီး လာ တာ ကြည့် ပြီး ပျော် တယ်,Neutral,0.6121665239334106,True
Anger,အ ရာ ရာ က က မောက် က မ တွေ ချည်း ပဲ,Sadness,0.7175312042236328,False
Joy,အိပ် ရာ ဝင် ရ လို့ ပျော် တယ်,Joy,0.9667884707450867,True
Joy,အောင် မြင် မှု အ ရ သာ,Joy,0.9635160565376282,True
Joy,ဘ ဝ ရဲ့ သာ ယာ မှု တွေ ကို အ ပြည့် အ ဝ ခံ စား နေ ရ တဲ့ နေ့,Neutral,0.8782012462615967,False
Anger,ကန် ထုတ် ချင် စိတ် ပေါက် တယ်,Anger,0.9824833869934082,True
Anger,စိတ် ပျက် လွန်း လို့ သေ တော့ မယ်,Anger,0.923616349697113,True
Fear,ဘာ မှန်း မ သိ တဲ့ အ ရာ ကို ကြောက် နေ ရ တာ ပို ဆိုး တယ်,Fear,0.9921934604644775,True
Anger,မင်း မျက် နှာ ကို လုံး ဝ မ မြင် ချင် ဘူး,Anger,0.975590169429779,True
Surprise,ဟား ... အံ့ ဩ စ ရာ တွေ ချည်း ပါ ပဲ လား,Surprise,0.9913186430931091,True
Surprise,အ မ လေး ... အိမ် မက် မက် နေ တာ လား ပဲ,Surprise,0.9874768853187561,True
Joy,ကူ ညီ ရ လို့ ပျော် တယ်,Joy,0.974494218826294,True
Surprise,ဟာ ကွာ ... မိုက် လိုက် တာ ၊ လုံး ဝ မ မျှော် လင့် ထား ဘူး,Surprise,0.9898257851600647,True
Sadness,မျှော် လင့် ခြင်း ရဲ့ အ ဆုံး သတ်,Sadness,0.8867817521095276,True
Anger,ဝင် မ ရှုပ် နဲ့,Anger,0.9782785177230835,True
Neutral,ဒီ နေ့ တော့ စိတ် ညစ် စ ရာ တွေ မ ရှိ ဘူး,Neutral,0.9435051679611206,True
Surprise,မျှော် လင့် မ ထား တဲ့ သ တင်း ကောင်း ကြောင့် ရင် ခုန် သွား ရ တယ်,Surprise,0.9852168560028076,True
Love,အား လုံး က ပုံ ပြင် တွေ လို ပါ ပဲ ၊ အ ဆုံး သတ် က မ လှ ခဲ့ ဘူး,Sadness,0.7168886661529541,False
Sadness,စိတ် ဓာတ် တွေ ပြို လဲ သွား တဲ့ အ ခါ,Sadness,0.7074443101882935,True
Surprise,ရင် ထဲ မှာ ဗြုန်း ခ နဲ ဆတ် ခ နဲ ဖြစ် သွား တာ ပဲ,Surprise,0.9880207180976868,True
Sadness,ခံ စား ချက် မ ရှိ တဲ့ အ ရုပ် တစ် ခု လို ပဲ,Sadness,0.823966383934021,True
Anger,မ ကြား ချင် ဘူး,Anger,0.9829618334770203,True
Anger,အ ဆင့် မ ရှိ တာ,Anger,0.9562739133834839,True
Anger,မ တ ရား တာ ကို လက် မ ခံ ဘူး,Anger,0.9824072122573853,True
Sadness,အ ရာ ရာ ကို လက် လွှတ် လိုက် ချင် ပြီ,Sadness,0.6682788133621216,True
Joy,ကော် ဖီ သောက် ရ လို့ ပျော် တယ်,Joy,0.968775749206543,True
Anger,အ ကန့် အ သတ် ရှိ တယ် နော်,Anger,0.44870734214782715,True
Neutral,ရင် ထဲ မှာ အေး မြ ပြီး ကြည် လင် တယ်,Neutral,0.8410995602607727,True
Joy,ရှယ် အ ဆင် ပြေ,Joy,0.865953266620636,True
Anger,မုန်း ဖို့ ကောင်း လိုက် တာ,Anger,0.9624028205871582,True
Neutral,အ ရာ ရာ ကို သ ဘာ ဝ အ တိုင်း ပဲ လက် ခံ လိုက် တာ စိတ် အေး ရ တယ်,Neutral,0.9556257724761963,True
Sadness,မ မေ့ နိုင် တဲ့ အ တိတ် ဆိုး,Sadness,0.6694124937057495,True
Love,ရင် ဘတ် တစ် ခု လုံး အောင့် တက် လာ တယ်,Sadness,0.6230278015136719,False
Joy,စိတ် ညစ် စ ရာ တွေ အား လုံး ကို နောက် မှာ ထား ခဲ့ ပြီး ဘ ဝ သစ် တစ် ခု ကို ပျော် ပျော် ရွှင် ရွှင် စ တင် နိုင် ခဲ့ တဲ့ နေ့ တစ် နေ့,Joy,0.842643678188324,True
Neutral,စိတ် ချမ်း မြေ့ စ ရာ,Joy,0.5198036432266235,False
Joy,အား လုံး အ ဆင် ပြေ,Joy,0.5983849763870239,True
Surprise,အံ့ ဩ လွန်း လို့ နှ လုံး ခုန် သံ တွေ တောင် မြန် လာ တယ်,Surprise,0.991165816783905,True
Surprise,ဘု ရား ရေ ... ဒါ တ ကယ့် အ ရှိ တ ရား လား,Surprise,0.9909071922302246,True
Neutral,ရိုး ရှင်း တဲ့ အ ရာ လေး တွေ က စိတ် ချမ်း သာ စေ တယ်,Neutral,0.9367231726646423,True
Anger,တော် တော် ဆိုး တာ ပဲ,Anger,0.9788139462471008,True
Neutral,နေ လို့ ကောင်း လိုက် တာ,Neutral,0.7187599539756775,True
Joy,အ လို ကျ ပဲ,Joy,0.6036674976348877,True
Love,စိတ် ပျက် လွန်း လို့ စ ကား တောင် မ ဟ ချင် တော့ တာ,Sadness,0.6212615966796875,False
Surprise,လုံး ဝ ကို စိတ် လှုပ် ရှား ပြီး ပျော် သွား တာ ပဲ,Surprise,0.985592782497406,True
Anger,မင်း နဲ့ ပြော ရ တာ အ ချိန် ပုပ် တယ်,Anger,0.5902693271636963,True
Anger,မင်း ကြောင့် ပျက် စီး ကုန် ပြီ,Anger,0.872756838798523,True
Sadness,နား လည် မှု လွဲ မှား ခြင်း ရဲ့ အ ကျိုး ဆက်,Sadness,0.8889540433883667,True
Neutral,ပူ စ ရာ မ လို တော့ ဘူး,Neutral,0.9640881419181824,True
Anger,လူ ကို လာ မ နှိမ် နဲ့,Anger,0.9795699715614319,True
Sadness,ငါ့ ကမ် ဘာ လေး တစ် ခု လုံး ပြာ ကျ သွား သ လို ပဲ,Sadness,0.7669678926467896,True
Anger,ခေါင်း ကို မီး တောက် မ တတ် ပဲ,Anger,0.9477928280830383,True
Neutral,တ ရား မှတ် ရင်း စိတ် ကို ငြိမ် အောင် ထား လိုက် တယ်,Neutral,0.9266229271888733,True
Joy,အောင် မြင် မှု ရဲ့ အ ရ သာ,Joy,0.9282224178314209,True
Love,ဘာ ကြောင့် မှန်း မ သိ ဘဲ မျက် ရည် ကျ မိ တယ်,Sadness,0.7740424871444702,False
Neutral,အိမ် မှာ တင် အေး ဆေး နား ရ တာ ကောင်း တယ်,Neutral,0.9419657588005066,True
Anger,ဘာ မှ လာ မ ပြော နဲ့,Anger,0.9793726801872253,True
Surprise,လုံး ဝ Surprise ပါ ပဲ ၊ တစ် သက် လုံး မ မေ့ နိုင် စ ရာ ပဲ,Surprise,0.991515040397644,True
Fear,လူ တွေ ကြား ထဲ သွား ရ မှာ ကို ကြောက် နေ မိ တယ်,Fear,0.9927200078964233,True
Sadness,နှ လုံး သား ကြေ ကွဲ ခြင်း,Sadness,0.8356208205223083,True
Neutral,အေး ဆေး ဖြတ် သန်း မယ်,Neutral,0.8867092132568359,True
Fear,ဆုံး ရှုံး ရ မှာ ကို ကြောက် တယ်,Fear,0.9927863478660583,True
Joy,ဟေး ... အောင် မြင် ပြီ,Joy,0.7622085213661194,True
Joy,ကြာ ကြာ စောင့် ခဲ့ ရ တဲ့ ပါ ဆယ် ထုပ် လေး အိမ် ကို ရောက် လာ တဲ့ အ ချိန်,Neutral,0.8362932801246643,False
Joy,အား လုံး ပြည့် စုံ,Joy,0.9371355772018433,True
Joy,အင်္ ကျီ အ သစ် နဲ့ ပျော် တယ်,Joy,0.9615105986595154,True
Surprise,ရင် ခုန် လွန်း လို့ အ သက် ရှူ ဖို့ တောင် မေ့ သွား တယ်,Fear,0.7491065263748169,False
Love,အ ရာ ရာ ကို စိတ် ကုန် နေ မိ တယ်,Sadness,0.6507679224014282,False
Joy,ရင် ထဲ နွေး ထွေး,Joy,0.9573621153831482,True
Joy,မိုး အေး အေး နဲ့ ပျော် တယ်,Joy,0.9364431500434875,True
Love,အ ထီး ကျန် စွာ နဲ့ ပဲ အ သား ကျ သွား ပါ တယ်,Sadness,0.4940927028656006,False
Fear,ခွေး ဟောင် ရင် ကြောက် တတ် တယ်,Fear,0.9924817085266113,True
Neutral,ဘာ ဖိ အား မှ မ ရှိ တဲ့ နေ့ တစ် နေ့,Neutral,0.948270857334137,True
Neutral,ဇိမ် ရှိ ရှိ နေ မယ်,Neutral,0.7197318077087402,True
Sadness,မျှော် လင့် ချက် ကင်း မဲ့ ခြင်း,Sadness,0.9277728796005249,True
Fear,မျက် ရည် တောင် ကျ တယ်,Fear,0.8829946517944336,True
Neutral,ဒီ နေ့ တော့ ကိုယ့် အ တွက် ပဲ အ ချိန် ပေး မယ်,Neutral,0.9387656450271606,True
Anger,လူ ကို အ ထင် မ သေး နဲ့,Anger,0.9664179086685181,True
Fear,သူ့ ဒေါ သ တွေ ကို ရင် မ ဆိုင် ရဲ ဘူး,Fear,0.7918770909309387,True
Joy,တ ကယ့် ကို,Joy,0.950307309627533,True
Neutral,စိတ် ထဲ ရှင်း သွား တယ်,Neutral,0.8844969272613525,True
Fear,အောက် ထပ် က ထူး ဆန်း တဲ့ အ သံ တွေ ကြား နေ ရ တယ်,Fear,0.9857263565063477,True
Surprise,အံ့ ဩ လွန်း လို့ ကြက် သီး တွေ တောင် ထ သွား တယ်,Surprise,0.9911534190177917,True
Anger,လူ့ ဗာ လ တွေ,Anger,0.9498945474624634,True
Neutral,ခန် ဓာ ကိုယ် ထဲ က ပင် ပန်း မှု တွေ အား လုံး ပျောက် ကွယ် သွား ပြီ,Sadness,0.8089872598648071,False
Joy,အ ပျော် ဆုံး နေ့,Joy,0.9737933278083801,True
Neutral,အေး အေး ဆေး ဆေး ကော် ဖီ သောက် မယ်,Neutral,0.9322545528411865,True
Fear,တစ် ယောက် တည်း ကျန် ခဲ့ မှာ ကို တ ကယ် ကြောက် တယ်,Fear,0.9919398427009583,True
Fear,အ သား တွေ ဆတ် ဆတ် တုန် လို့,Fear,0.9910886287689209,True
Anger,ကိုယ့် အ လုပ် ကိုယ် လုပ် စမ်း ပါ,Anger,0.9804012179374695,True
Neutral,စိတ် အေး ရ ပြီ,Neutral,0.5947867631912231,True
Love,ဘာ ကို မှ မ ပြင် ဆင် နိုင် တော့ ဘူး,Sadness,0.5586152076721191,False
Fear,သူ့ မျက် လုံး တွေ က ကြောက် စ ရာ ကြီး,Fear,0.9924611449241638,True
Love,အ ဖော် မဲ့ တဲ့ လမ်း မ ထက် မှာ,Sadness,0.708989143371582,False
Neutral,အား လုံး အို ကေ တယ်,Neutral,0.777237594127655,True
Neutral,အား လုံး ကို မေတ် တာ ပွား နေ မိ တယ်,Neutral,0.6632074117660522,True
Joy,စိတ် ပေါ့ ပါး လို့ ပျော် တယ်,Joy,0.9308080673217773,True
Joy,မုန့် စား ရ လို့ ပျော် တယ်,Joy,0.9643797278404236,True
Joy,က လေး တွေ တွေ့ လို့ ပျော် တယ်,Joy,0.9526851177215576,True
Sadness,ရင် ဘတ် ထဲ က နာ ကျင် မှု က အ မြစ် တွယ် နေ ပြီ,Sadness,0.695055365562439,True
Anger,မုန်း တယ်,Anger,0.9804489016532898,True
Neutral,နေ ရ တာ ငြိမ်း ချမ်း တယ်,Neutral,0.945565402507782,True
Fear,နား ပိတ် ထား လိုက် မယ်,Fear,0.9579886198043823,True
Neutral,စိတ် ထဲ မှာ တည် ငြိမ် အေး ချမ်း လို့,Neutral,0.8930202722549438,True
Sadness,မျှော် လင့် ချက် တွေ ပျက် သုဉ်း ခြင်း,Sadness,0.9222211241722107,True
Love,သူ စိမ်း တွေ ဖြစ် သွား ကြ ပြီ ပေါ့,Fear,0.9746861457824707,False
Surprise,ရုတ် တ ရက် ကြီး ဆို တော့ ဘာ ပြော ရ မှန်း တောင် မ သိ ဘူး,Surprise,0.9893883466720581,True
Surprise,အံ့ ဩ လွန်း လို့ ပါး စပ် တောင် မ ပိတ် နိုင် တော့ ဘူး,Surprise,0.9914181232452393,True
Joy,အား လုံး အို ကေ ပဲ,Neutral,0.8949828743934631,False
Surprise,တ ကယ် ကြီး လား လို့ ... နောက် နေ တာ မ ဟုတ် ဘူး မ လား,Surprise,0.9878359436988831,True
Joy,ရင် ထဲ လန်း ဆန်း,Joy,0.9240803122520447,True
Neutral,စိတ် ကျေ နပ် တယ်,Neutral,0.544436514377594,True
Surprise,အ မ လေး ... အံ့ ဩ လို့ မ ဆုံး နိုင် တော့ ဘူး,Surprise,0.9914207458496094,True
Joy,ဘ ဝ မှာ ဘာ ကို မှ ထပ် ပြီး မ တောင်း တ တော့ ဘဲ အ ခု ရှိ နေ တဲ့ အ ခြေ အ နေ လေး အ ပေါ် မှာ တင် အ ပြည့် အ ဝ ကျေ နပ် နေ တာ,Neutral,0.805837869644165,False
Fear,အ ရာ ရာ တိုင်း ပျက် စီး ဆုံး ရှုံး သွား ပြီး ဘာ မှ မ ရှိ တော့ တဲ့ ဘ ဝ ကို ရောက် သွား မှာ ကို တွေး ပြီး သွေး ပျက် နေ မိ တယ်,Fear,0.982414186000824,True
Anger,အ သုံး မ ကျ တဲ့ ကောင်,Anger,0.9828905463218689,True
Neutral,စိုး ရိမ် စိတ် တွေ လွင့် ပြယ် သွား ပြီ,Neutral,0.8825216889381409,True
Neutral,ရေ ချိုး လိုက် ရ တာ လန်း ဆန်း သွား တာ ပဲ,Neutral,0.945859968662262,True
Fear,ကား မ တော် တ ဆ မှု တွေ မြင် ဖူး က တည်း က ကား လမ်း ကူး ရ မှာ ကို ပုံ မှန် ထက် ပို ပြီး ကြောက် လန့် နေ မိ တော့ တယ်,Fear,0.992250382900238,True
Neutral,အား လုံး အ ဆင် ပြေ ချော မွေ့ သွား မှာ ပါ,Neutral,0.8975377678871155,True
Joy,ဒီ ထက် ပို ကောင်း တဲ့ နေ့ ရှိ နိုင် ဦး မ လား လို့ တွေး မိ တယ်,Neutral,0.6681264638900757,False
Joy,အောင် မြင် လို့ ပျော် တယ်,Joy,0.9700654745101929,True
Joy,ပါ ဆယ် ရောက် လို့ ပျော် တယ်,Joy,0.9754043221473694,True
Sadness,အ တိတ် ကို ပြန် ပြင် လို့ မ ရ တော့ ဘူး လေ,Sadness,0.7410933375358582,True
Fear,စ ကား တောင် မ ပီ တော့ ဘူး,Anger,0.9504737854003906,False
Joy,ပေါ့ ပါး လန်း ဆန်း,Joy,0.8814868330955505,True
Neutral,တွေး မ ပူ တော့ ဘူး,Neutral,0.9323369860649109,True
Surprise,ဝိုး ... ဒါ မျိုး ကို အိပ် မက် ထဲ တောင် မက် ဖူး ဘူး,Surprise,0.9909791946411133,True
Surprise,အ မ လေး ... ရင် ထဲ အေး ခ နဲ ဖြစ် သွား တာ ပဲ,Surprise,0.9901432991027832,True
Fear,နောက် က နေ တစ် ယောက် ယောက် စိုက် ကြည့် နေ သ လို ပဲ,Fear,0.9508605599403381,True
Anger,ဒုက် ခ ပေး တဲ့ ကောင်,Anger,0.9779927730560303,True
Neutral,အား လုံး အို ကေ,Joy,0.8167518377304077,False
Fear,သ ရဲ ခြောက် နေ သ လို ပဲ,Fear,0.9867929220199585,True
Sadness,စိတ် ဓာတ် တွေ အောက် ခြေ အ ထိ ပြုတ် ကျ သွား တဲ့ နေ့,Sadness,0.5937606692314148,True
Joy,ကြည် နူး ရ လို့ ပျော် တယ်,Joy,0.9697590470314026,True
Surprise,ဟယ် ... အဲ လို လည်း ဖြစ် တတ် တာ ပဲ လား,Surprise,0.9914127588272095,True
Joy,ဝုန်း ဒိုင်း ကျဲ ပျော် တာ,Joy,0.9676759839057922,True
Sadness,ဆုံး ရှုံး မှု တွေ နဲ့ ပြည့် နှက် နေ တဲ့ ဘ ဝ,Sadness,0.7317390441894531,True
Anger,ပြော ရ တာ အာ ညောင်း တယ်,Anger,0.979284405708313,True
Neutral,ည နေ ခင်း လမ်း လျှောက် ရ တာ စိတ် ပေါ့ ပါး တယ်,Neutral,0.9212446808815002,True
Fear,တစ် ကိုယ် လုံး တုန် ရီ ပြီး ဘာ လုပ် ရ မှန်း မ သိ တော့ ဘူး,Fear,0.9906959533691406,True
Surprise,လုံး ဝ ကို အံ သြ မှင် သက် သွား ရ တယ်,Surprise,0.9906395673751831,True
Joy,အ မေ ချက် ကျွေး တဲ့ ကိုယ့် အ ကြိုက် ဆုံး ဟင်း ဟင်း လေး ကို စား ရ တဲ့ အ ချိန်,Neutral,0.7019637227058411,False
Joy,အ ကောင်း ဆုံး ပဲ,Joy,0.6651912927627563,True
Anger,လာ မ ထိ နဲ့,Anger,0.9791664481163025,True
Anger,မ တ ရား ဘူး,Anger,0.9778754711151123,True
Anger,စိတ် လေ ရုံ တင် မ က ဘူး အ ခု က ဒေါ သ ပါ ထွက် လာ ပြီ,Anger,0.9638413190841675,True
Anger,နား မ လည် တဲ့ လူ တွေ,Anger,0.9849621057510376,True
Sadness,တစ် ယောက် တည်း ငို နေ ရ တဲ့ ည တိုင်,Sadness,0.7819915413856506,True
Neutral,ဘာ မှ အ လျင် စ လို လုပ် စ ရာ မ လို ဘဲ အေး ဆေး နေ ရ တဲ့ နေ့,Neutral,0.9206083416938782,True
Joy,ဒီ နေ့ ဝတ် ထား တဲ့ အင်္ ကျီ လေး က ကိုယ် နဲ့ အ ရမ်း လိုက် ဖက် နေ လို့ ယုံ ကြည် မှု ရှိ တဲ့ နေ့,Joy,0.7401567101478577,True
Neutral,လမ်း လျှောက် ရင်း သ ဘာ ဝ အ လှ အ ပ တွေ ကို ငေး ကြည့် နေ မိ တယ်,Neutral,0.9194971323013306,True
Neutral,စိတ် ထဲ ပေါ့ ပါး သွား တာ ပဲ,Neutral,0.9214709401130676,True
Fear,ရေ နက် ကြီး ကို ကြည့် ပြီး ခြေ ဖျား လက် ဖျား အေး လာ တယ်,Fear,0.9878738522529602,True
Love,မ ပြည့် စုံ တဲ့ ဘ ဝ တစ် ခု ရဲ့ သော က တွေ,Sadness,0.6971842050552368,False
Neutral,ဘ ဝ ရဲ့ အ လှ တ ရား တွေ ကို သ တိ ပြု မိ လာ တဲ့ နေ့,Neutral,0.8405733704566956,True
Neutral,ဘာ ပြိုင် ဆိုင် မှု မှ မ ရှိ တဲ့ နေ ရာ လေး မှာ နေ ချင် တယ်,Neutral,0.9029564261436462,True
Joy,ဟား တိုက် ရယ် မော,Joy,0.9658750295639038,True
Neutral,မ နက် ခင်း ငှက် က လေး တွေ အော် သံ က နား ထောင် လို့ ကောင်း တယ်,Neutral,0.5709609389305115,True
Fear,အ ရိပ် တစ် ခု ဖြတ် ပြေး သွား သ လို ပဲ လန့် လိုက် တာ,Fear,0.9467501640319824,True
Neutral,အ ရာ ရာ ကို အ ကောင်း မြင် စိတ် နဲ့ ပဲ ကြည့် တတ် လာ ပြီ,Neutral,0.9522919058799744,True
Sadness,ငါ့ ကို နား လည် ပေး မယ့် သူ တစ် ယောက် မှ မ ရှိ ဘူး,Sadness,0.6969897150993347,True
Anger,မင်း စ ကား တွေ နား မ ထောင် ချင် ဘူး,Anger,0.9817951321601868,True
Neutral,မီး ပိတ် ပြီး သီ ချင်း နား ထောင် ရ တာ ဇိမ် ပဲ,Neutral,0.9214329123497009,True
Fear,မြွေ မြင် ရင် သေ မ တတ် ကြောက် တယ်,Fear,0.992027223110199,True
Fear,သ ရဲ ကား ကြည့် ရ သ လို ပဲ,Fear,0.9851980805397034,True
Anger,ဘာ မှ လာ မ ပြော နဲ့ တော့,Anger,0.9829959273338318,True
Fear,လူ တွေ ငြင်း ပယ် မှာ ကို ကြောက် တယ်,Fear,0.9929238557815552,True
Neutral,အ ပင် လေး တွေ ကို ရေ လောင်း ရင်း စိတ် အေး ချမ်း ရ တယ်,Neutral,0.9500576257705688,True
Joy,နေ ရောင် ခြည် နွေး နွေး လေး အောက် မှာ လမ်း လျှောက် ရ တာ တ ကယ့် ကို သာ ယာ တယ်,Joy,0.6485182046890259,True
Fear,အ ထီး ကျန် ဖြစ် ရ မှာ ကို ကြောက် တယ်,Fear,0.9925016164779663,True
Joy,လက် ဆောင် ရ လို့ ပျော် တယ်,Joy,0.9765828251838684,True
Joy,ဝမ်း သာ လွန်း လို့,Joy,0.9057452082633972,True
Fear,အ သံ မ ထွက် ရဲ ဘူး,Fear,0.9839280843734741,True
Love,ငါ့ ကို နား လည် ပေး မယ့် သူ ရှာ မ တွေ့ ဘူး,Sadness,0.7265216112136841,False
Surprise,တ ကယ် ကို အံ့ ဩ စ ရာ ကောင်း တဲ့ နေ့ တစ် နေ့ ပဲ,Surprise,0.9911854863166809,True
Surprise,ထင် မှတ် မ ထား တဲ့ ပျော် ရွှင် မှု က ပို ပြီး အ ရ သာ ရှိ တယ်,Surprise,0.9858178496360779,True
Sadness,နှုတ် ဆက် စ ကား တောင် မ ပြော ဖြစ် ခဲ့ ကြ ဘူး,Sadness,0.7650189995765686,True
Joy,ပျော် စ ရာ ကြီး ပဲ,Joy,0.9662368893623352,True
Joy,စိတ် အေး ရ လို့ ပျော် တယ်,Joy,0.9133029580116272,True
Sadness,သ တိ ရ ခြင်း ရဲ့ ဒဏ် ရာ,Sadness,0.8837332129478455,True
Joy,သူ ငယ် ချင်း နဲ့ တွေ့ လို့ ပျော် တယ်,Joy,0.923505425453186,True
Fear,ကြောက် စိတ် ကြောင့် ဗိုက် ထဲ က ကို မ ကောင်း ဘူး,Fear,0.9912087917327881,True
Anger,ရူး ချင် တာ ပဲ,Anger,0.9678581953048706,True
Sadness,ရင် ဘတ် ထဲ က အ လုံး ကြီး အ မြဲ မူး နေ သ လို ပဲ,Sadness,0.6993919014930725,True
Fear,ညဉ့် နက် သံ တွေ က ကြောက် စ ရာ,Fear,0.9928927421569824,True
Joy,မ ထင် မှတ် ထား တဲ့ နေ ရာ က နေ ကိုယ့် အ တွက် အ ခွင့် အ လမ်း ကောင်း တွေ ပွင့် လန်း လာ လို့ ဝမ်း သာ ပီ တိ ဖြစ် ရ တယ်,Surprise,0.9026315212249756,False
Surprise,ဝါး ... ဒါ မျိုး ကျ တော့ လည်း လုံး ဝ အ ထာ ကျ တာ ပဲ,Surprise,0.9915899634361267,True
Sadness,မင်း မ ရှိ တဲ့ ည တွေ က အ ရမ်း ရှည် လျား လွန်း တယ်,Love,0.7610744833946228,False
Fear,ရုတ် တ ရက် မီး ပျက် သွား တော့ လန့် ဖျတ် သွား တာ ပဲ,Fear,0.9508311748504639,True
Fear,တုန် နေ တာ ပဲ,Fear,0.9903839826583862,True
Neutral,မိ သား စု နဲ့ အ တူ တူ ထ မင်း စား ရ တာ အ ရ သာ အ ရှိ ဆုံး ပဲ,Neutral,0.7689611315727234,True
Joy,ပျော် ရွှင် မှု အ စ,Joy,0.9785606265068054,True
Anger,စ ကား အ ရာ မ ရှိ ဘူး,Anger,0.9812737703323364,True
Neutral,ဘာ ပူ စ ရာ ရှိ လဲ,Anger,0.8258689641952515,False
Sadness,ငါ့ ရဲ့ တန် ဖိုး က ဒီ လောက် ပဲ လား,Sadness,0.8162660598754883,True
Neutral,သ ဘာ ဝ တ ရား က ပေး တဲ့ အေး ချမ်း မှု,Neutral,0.6967834830284119,True
Neutral,စိတ် ချမ်း သာ ဖို့ က ပ ထ မ ပဲ,Neutral,0.8673057556152344,True
Anger,လာ ပြီး မ အော် နဲ့,Anger,0.9813848733901978,True
Fear,အ လုပ် ပြုတ် မှာ ကို တွေး ပြီး စိုး ရိမ် စိတ် တွေ တက် နေ တာ,Fear,0.9907203912734985,True
Neutral,ဘ ဝ က ရိုး ရှင်း ပါ တယ်,Neutral,0.9141719341278076,True
Neutral,မိုး ရွာ သံ လေး နား ထောင် ရ တာ စိတ် ထဲ အေး ချမ်း တယ်,Neutral,0.9250693917274475,True
Anger,သည်း ခံ တာ အ တိုင်း အ ထက် အ လွန် ပဲ,Anger,0.9812148809432983,True
Joy,စိတ် အေး လက် အေး ပဲ,Neutral,0.8942535519599915,False
Anger,စိတ် အ နှောင့် အ ယှက် ဖြစ် စ ရာ ကြီး,Anger,0.983660101890564,True
Sadness,မျက် ရည် တွေ နဲ့ ရုန်း ကန် ရ တဲ့ နေ့ ရက် များ,Sadness,0.7622504830360413,True
Fear,အ လုပ် ထဲ မှား မှာ ကို စိုး ရိမ် တယ်,Fear,0.9905757904052734,True
Sadness,အား လုံး က ငါ့ ကို ကျော ခိုင်း သွား ကြ ပြီ,Sadness,0.6569011807441711,True
Joy,ကိုယ် တိုင် ဖန် တီး ထား တဲ့ လက် ရာ လေး ကို သူ များ တွေ က အ သိ အ မှတ် ပြု ချီး ကျူး ကြ တဲ့ အ ခါ တ ကယ် ပီ တိ ဖြစ် ရ တယ်,Joy,0.7265598773956299,True
Anger,လာ မ ပွား နဲ့,Anger,0.9809589982032776,True
Anger,နည်း နည်း မှ ကို အ ဆင် မ ပြေ ဘူး,Anger,0.9822024703025818,True
Neutral,အ ရာ ရာ က ပုံ မှန် အ တိုင်း လည် ပတ် နေ တာ ပဲ အေး ချမ်း ပါ တယ်,Neutral,0.9488846659660339,True
Neutral,စိတ် အ ပန်း ပြေ ပြေ,Neutral,0.6980441808700562,True
Anger,မ ဆိုင် ရင် ဖယ် နေ,Anger,0.9691302180290222,True
Joy,စိတ် ထဲ ပေါ့ ပါး သွား တယ်,Neutral,0.8553216457366943,False
Anger,သစ် စာ မ ရှိ တာ တွေ,Anger,0.9701821208000183,True
Joy,အ မြဲ တမ်း ပျော် နေ မယ်,Joy,0.9600634574890137,True
Surprise,လုံး ဝ ကို စိတ် လှုပ် ရှား စ ရာ အ ခိုက် အ တန့် ပဲ,Neutral,0.5683226585388184,False
Neutral,ဘာ မှ အ တင်း အ ကျပ် မ လုပ် ဘဲ သ ဘာ ဝ အ တိုင်း ပဲ,Neutral,0.9541208148002625,True
Fear,သွား ပြီ,Fear,0.9631107449531555,True
Neutral,စိတ် ကို လျှော့ ချ လိုက် နိုင် ပြီ,Neutral,0.9173629283905029,True
Joy,ပျော် စ ရာ ကြီး,Joy,0.9784587025642395,True
Sadness,ငါ့ ကို ဘယ် သူ မှ အ လေး မ ထား ဘူး,Sadness,0.7107189297676086,True
Joy,အ ခက် အ ခဲ တွေ ကြုံ နေ ရ ချိန် မှာ မ မျှော် လင့် ဘဲ ကူ ညီ မယ့် လက် တစ် စုံ ပေါ် လာ လို့ ရင် ထဲ လှိုက် လှဲ စွာ ဝမ်း သာ ရ တယ်,Neutral,0.5143109560012817,False
Anger,နောက် တစ် ခါ လာ မ ပြော နဲ့,Anger,0.9747170805931091,True
Love,မော လှ ပြီ,Sadness,0.6012023687362671,False
Joy,အိပ် မက် တ ကယ် ဖြစ် လာ ပြီ,Joy,0.9338568449020386,True
Joy,ဘ ဝ မှာ မျှော် လင့် ချက် အ သစ် တွေ မြင် လာ ရ လို့ ဝမ်း သာ တယ်,Joy,0.8236902356147766,True
Sadness,စိတ် ကူး တွေ ပဲ ကျန် ခဲ့ တယ်,Sadness,0.7795082330703735,True
Joy,မျက် နှာ ပွင့် လန်း,Joy,0.9403068423271179,True
Joy,ည ဘက် လေ ညှင်း ခံ ရင်း ကြယ် တွေ ကြည့် ရ တာ စိတ် ကြည် နူး စ ရာ,Neutral,0.6435229778289795,False
Anger,သောက် ကျင့် မ ကောင်း ဘူး,Anger,0.9763937592506409,True
Fear,လန့် ပြီး ခုန် တက် မိ တယ်,Fear,0.9873056411743164,True
Neutral,ပူ ပန် မှု တွေ ဝေး ပါ စေ တော့,Neutral,0.7687943577766418,True
Sadness,အ ဆင် ပြေ ပါ တယ် လို့ ပြော ရ တာ ပင် ပန်း လာ ပြီ,Sadness,0.6512982249259949,True
Neutral,စိတ် ဓာတ် တွေ တက် ကြွ တယ်,Neutral,0.8661624789237976,True
Surprise,ဟာ ... ဝမ်း သာ လွန်း လို့ ငို တောင် ငို ချင် တယ်,Surprise,0.9834976196289062,True
Fear,မျက် လုံး မှိတ် လိုက် ရင် တစ် ခု ခု ပေါ် လာ မ လား လို့,Fear,0.8928908109664917,True
Anger,အား လုံး က ဘာ ဖြစ် နေ ကြ တာ လဲ,Anger,0.9128319621086121,True
Fear,ကြောက် စ ရာ ကောင်း လိုက် တာ,Fear,0.9920387268066406,True
Anger,အ ရာ ရာ တိုင်း က ဘာ လို့ အ ဆင် မ ပြေ ဖြစ် နေ ရ တာ လဲ,Sadness,0.7399012446403503,False
Neutral,သက် တောင့် သက် သာ ရှိ တယ်,Neutral,0.9066146612167358,True
Love,ဘာ ကို မှ မ မျှော် လင့် တော့ တာ အ ကောင်း ဆုံး ပါ ပဲ,Sadness,0.533937394618988,False
Surprise,မ ယုံ နိုင် လောက် အောင် ကို မိုက် လွန်း တယ်,Surprise,0.9898131489753723,True
Neutral,အ သက် ပြင်း ပြင်း ရှူ ပြီး စိတ် ကို လျှော့ ချ လိုက် တယ်,Neutral,0.9540172815322876,True
Neutral,ကိုယ့် ဘ ဝ ကို ကိုယ် ကျေ နပ် မိ တယ်,Neutral,0.9245447516441345,True
Sadness,အ ထီး ကျန် ခြင်း ရဲ့ ထောင် ချောက်,Sadness,0.7237412333488464,True
Fear,အ သက် ရှူ ရ ခက် လာ ပြီ,Fear,0.9786232709884644,True
Sadness,အ ပြုံး တု တွေ နောက် ကွယ် က သော က,Sadness,0.6776867508888245,True
Joy,ကိုယ် စိုက် ထား တဲ့ အ ပင် လေး မှာ ပ ထ မ ဆုံး အ သီး လေး သီး လာ တာ ကို မြင် ရ တဲ့ အ ပျော် က တ ကယ် ကို ထူး ခြား တယ်,Joy,0.8316311240196228,True
Joy,စိတ် ထဲ မှာ ဘာ အ မုန်း တ ရား မှ မ ရှိ ဘဲ အ ရာ ရာ ကို မေတ် တာ မျက် စိ နဲ့ ကြည့် နိုင် လို့ စိတ် အေး ချမ်း နေ တဲ့ နေ့,Neutral,0.8885869383811951,False
Anger,သွား စမ်း ပါ,Anger,0.9690598249435425,True
Joy,ဘာ အ ပူ အ ပင် မှ မ ရှိ ဘဲ စိတ် အေး ချမ်း သာ စွာ နဲ့ သ ဘာ ဝ တ ရား ရဲ့ အ လှ အ ပ ကို ခံ စား နေ ရ တဲ့ မိ နစ် တိုင်း က အ ဖိုး တန် တယ်,Neutral,0.7810354828834534,False
Anger,အ ချိန် ဖြုန်း နေ တာ,Anger,0.9814773201942444,True
Joy,ကိုယ့် ကိုယ် ကိုယ် ဂုဏ် ယူ မိ တဲ့ နေ့ တစ် နေ့ ပဲ,Joy,0.5065456032752991,True
Neutral,သူ ငယ် ချင်း ဟောင်း တွေ နဲ့ စ ကား ပြော ရ တာ စိတ် ပေါ့ ပါး တယ်,Neutral,0.8909270167350769,True
Anger,အ မြင် ကတ် ဖို့ ကောင်း တယ်,Anger,0.9822145104408264,True
Joy,အ ပျော် တွေ ဝေ ဆာ,Joy,0.9722270369529724,True
Joy,ကိုယ် ချစ် ရ တဲ့ သူ ဆီ က နေ ရုတ် တ ရက် ဖုန်း ကောလ် လေး ဝင် လာ တဲ့ အ ခါ,Neutral,0.9349236488342285,False
Fear,အ နား မ ကပ် ရဲ ဘူး,Fear,0.8688026666641235,True
Joy,အ ပျော် တွေ ကူး,Joy,0.9759657382965088,True
Surprise,ဟာ ... ဖြစ် နိုင် လို့ လား ၊ တ ကယ် ကြီး ပဲ လား,Surprise,0.9913808703422546,True
Neutral,သီ ချင်း အေး အေး လေး နား ထောင် ရင်း စိတ် ကို လွှတ် ထား လိုက် တယ်,Neutral,0.8137133121490479,True
Neutral,အ ရာ ရာ ကို အ ချိန် လေး ပေး လိုက် တာ,Neutral,0.9509989023208618,True
Neutral,လွတ် လပ် သွား ပြီ,Neutral,0.7394927740097046,True
Anger,စိတ် မ ရှည် တော့ ဘူး,Anger,0.9794124364852905,True
Fear,နောင် ရေး အ တွက် ဘာ မှ သေ ချာ ရေ ရာ တာ မ ရှိ တဲ့ အ ခါ မျိုး မှာ စိုး ရိမ် စိတ် တွေ က တား မ ရ ဆီး မ ရ ဝင် လာ တတ် စ မြဲ ပဲ,Fear,0.9686126708984375,True
Love,ပျော် စ ရာ ဆို တာ ဘာ လဲ မေ့ နေ ပြီ,Sadness,0.7226925492286682,False
Fear,အ မှား တစ် ခု ခု လုပ် မိ မှာ ကို အ ရမ်း စိုး ရိမ် တယ်,Fear,0.9866478443145752,True
Anger,ငါ့ ကိစ် စ ငါ သိ တယ်,Anger,0.46054354310035706,True
Sadness,အ ရာ ရာ ကို မေ့ ပစ် ချင် တယ်,Sadness,0.6480280756950378,True
Joy,တ ကယ့် ကို ကံ ကောင်း တာ ပဲ,Joy,0.5298421382904053,True
Surprise,ရုတ် တ ရက် ကြီး ဆို တော့ ရင် ထဲ မှာ ဒိန်း ခ နဲ ဖြစ် သွား တာ ပဲ,Surprise,0.986586332321167,True
Joy,လမ်း လျှောက် ရ လို့ ပျော် တယ်,Joy,0.9742931127548218,True
Joy,စိတ် ရွှင် လန်း နေ တာ,Neutral,0.7161775231361389,False
Neutral,မ နက် ခင်း နေ ရောင် ခြည် နွေး နွေး လေး အောက် မှာ သစ် ရွက် စိမ်း စိမ်း လေး တွေ ကို ငေး ကြည့် ရင်း အ သက် ရှူ ရ တာ တ ကယ့် ကို လတ် ဆတ် တယ်,Neutral,0.8864638209342957,True
Fear,ည ဘက် အ ပြင် ထွက် ရ မှာ ကြောက် တယ်,Fear,0.9923481941223145,True
Neutral,ဇိမ် ရှိ လိုက် တာ,Neutral,0.811337411403656,True
Love,နှုတ် ဆက် ခြင်း မ ရှိ ဘဲ ဝေး ကွာ သွား ခဲ့ ကြ တယ်,Sadness,0.5957548022270203,False
Neutral,စိတ် အာ ရုံ တွေ အား လုံး လန်း ဆန်း တက် ကြွ နေ တယ်,Neutral,0.929654598236084,True
Anger,လူ ကို စိတ် တို အောင် လာ မ လုပ် နဲ့,Anger,0.9767171144485474,True
Neutral,သစ် ပင် ရိပ် အောက် မှာ နား ရ တာ တ ကယ် အေး ချမ်း တယ်,Neutral,0.8825357556343079,True
Sadness,အား ကိုး ရာ မဲ့ တဲ့ ခံ စား ချက်,Sadness,0.7826436161994934,True
Neutral,စိတ် ထဲ ပေါ့ ပါး သွား တာ ခံ စား ရ တယ်,Neutral,0.9486122131347656,True
Joy,ပေါ့ ပါး ချက်,Joy,0.908129096031189,True
Fear,မှား သွား မှာ ကို သေ လု မ တတ် ကြောက် တာ,Fear,0.9923363327980042,True
Neutral,ရင် ထဲ ရှင်း လင်း တယ်,Neutral,0.866509735584259,True
Fear,အ မြင့် တက် ရင် ကြောက် တယ်,Fear,0.9922005534172058,True
Fear,လျှပ် စီး လက် တာ မြင် ရင် ရင် တုန် တယ်,Fear,0.9850165843963623,True
Anger,ကိုယ့် ကိုယ် ကိုယ် ပြန် ကြည့် ဦး,Anger,0.9591706395149231,True
Anger,တော် လောက် ပြီ,Joy,0.6675910353660583,False
Fear,မီး မ ပိတ် ပါ နဲ့,Fear,0.9478313326835632,True
Surprise,ဝိုး ... ဘာ ကြီး လဲ ဟ ၊ မိုက် လိုက် တာ,Surprise,0.9916417598724365,True
Anger,ဘာ မှ ဖြစ် မြောက် အောင် မ လုပ် နိုင် ဘူး,Anger,0.5385733246803284,True
Sadness,ဘယ် သူ့ ကို မှ မ ပြော ပြ ချင် တဲ့ စိတ် ဒဏ် ရာ,Sadness,0.7399922609329224,True
Surprise,ဘယ် လို မှ မ ထင် ထား တဲ့ အ ချိန် မှာ ဖြစ် သွား တာ,Surprise,0.9802317023277283,True
Fear,ခေါင်း နား ပန်း ကြီး သွား တာ ပဲ,Neutral,0.7875726222991943,False
Anger,လုံး ဝ ကို မ လုပ် ချင် တော့ ဘူး,Anger,0.9706441760063171,True
Love,တစ် ယောက် တည်း ကြိတ် ငို ရ တဲ့ အ ချိန် တွေ,Sadness,0.7744156122207642,False
Neutral,စိမ်း စို နေ တဲ့ တောင် တန်း ကြီး တွေ ကို ငေး ကြည့် ရင်း လူ ဆို တာ သ ဘာ ဝ တ ရား ရဲ့ အ စိတ် အ ပိုင်း တစ် ခု ပဲ ဆို တာ တွေး မိ ပြီး စိတ် အေး ရ တယ်,Neutral,0.9607802629470825,True
Anger,သည်း ခံ နိုင် စွမ်း ကုန် ပြီ,Anger,0.9821017384529114,True
Fear,သူ့ မျက် နှာ ကြီး ကြည့် ရ တာ ကြောက် စ ရာ ကြီး,Fear,0.9924112558364868,True
Joy,အ ရယ် မော နိုင် ဆုံး နေ့,Joy,0.7514792680740356,True
Surprise,အံ့ ဩ လွန်း လို့ အား လုံး ကို ငေး ကြည့် နေ မိ တယ်,Surprise,0.991407036781311,True
Sadness,လူ တွေ ကြား ထဲ မှာ ပို ပြီး အ ထီး ကျန် ဆန် လာ တယ်,Sadness,0.5848041772842407,True
Joy,အ လုပ် က အ ပြန် ဘတ်စ် ကား ပေါ် မှာ ထိုင် ခုံ အ လွတ် ရ လို့ ကံ ကောင်း တဲ့ နေ့,Joy,0.5925759077072144,True
Neutral,စိတ် မ ပူ နဲ့ တော့,Neutral,0.9066913723945618,True
Sadness,ငါ့ ကို ဘယ် သူ မှ ဂ ရု မ စိုက် ကြ ပါ ဘူး,Sadness,0.6627942323684692,True
Love,အ ချည်း နှီး ပါ ပဲ,Love,0.5759390592575073,True
Anger,ဘာ မှ လည်း အ သုံး မ ကျ ဘူး,Anger,0.970252513885498,True
Anger,အ ဓိပ် ပာယ် မ ရှိ တာ ကို အ တင်း လုပ် နေ တယ်,Anger,0.9795172214508057,True
Fear,ကြောက် စ ရာ ကြီး,Fear,0.9926175475120544,True
Fear,တံ ခါး သံ ကြီး က လည်း,Fear,0.9905937910079956,True
Fear,လေ ယာဉ် စီး ရ မှာ ကြောက် တယ်,Fear,0.9929847717285156,True
Surprise,ဟယ် ... တ ကယ် ကြီး ဖြစ် လာ တာ ပဲ လား,Surprise,0.9916141033172607,True
Joy,သာ ယာ လိုက် တဲ့ နေ့ လေး,Neutral,0.8142526745796204,False
Surprise,ဝါး ... လုံး ဝ ကို စ ပယ် ရှယ် ကြီး ပဲ,Surprise,0.9905731081962585,True
Fear,မုန် တိုင်း သံ ကြီး ကြား ရ တာ ရင် တုန် စ ရာ,Fear,0.9918829202651978,True
Fear,တစ် ယောက် တည်း အ ပြင် ထွက် ရ မှာ ကို မ ရဲ ဘူး,Fear,0.9897441267967224,True
Joy,ကိုယ် ကြိုက် တဲ့ ရုပ် ရှင် အ သစ် လေး ထွက် လာ လို့ စိတ် လှုပ် ရှား နေ တာ,Joy,0.667664110660553,True
Anger,နား မ ထောင် ချင် ဘူး,Anger,0.9843371510505676,True
Anger,ဘာ တွေ လဲ ဟ,Anger,0.8245273232460022,True
Neutral,အေး အေး ဆေး ဆေး စာ ဖတ် နေ တာ,Neutral,0.9424363374710083,True
Anger,ပါး စပ် ပိတ် ထား,Fear,0.8104261755943298,False
Neutral,ရေ နွေး ကြမ်း လေး သောက် ရင်း စိတ် အ ပန်း ဖြေ နေ တာ,Neutral,0.9293257594108582,True
Neutral,စိတ် ထဲ မှာ တည် ငြိမ် ပြီး အေး ချမ်း နေ တာ,Neutral,0.9060495495796204,True
Joy,စိတ် လက် ပေါ့ ပါး,Joy,0.5804735422134399,True
Sadness,မျက် ရည် တွေ က အ လို လို စီး ကျ လာ တယ်,Sadness,0.7603053450584412,True
Fear,အောက် ချေ မ ခိုင် တော့ သ လို ပဲ,Fear,0.9862756729125977,True
Anger,ရွံ စ ရာ ကောင်း တဲ့ သောက် ကျင့်,Anger,0.9809384346008301,True
Joy,အ လုပ် ပြီး လို့ ပျော် တယ်,Joy,0.9616384506225586,True
Fear,ဖုန်း သံ မြည် လာ ရင် တုန် လှုပ် သွား တတ် တယ်,Fear,0.9905055165290833,True
Anger,လူ ကို က စား နေ တာ လား,Anger,0.9835702180862427,True
Neutral,အေး ချမ်း တဲ့ ခံ စား ချက် လေး,Neutral,0.9402986168861389,True
Neutral,အေး ဆေး တည် ငြိမ် တဲ့ စိတ် နေ စိတ် ထား,Neutral,0.9418782591819763,True
Sadness,ခံ စား ချက် တွေ ကို ဖျောက် ဖျက် ပစ် ချင် မိ တယ်,Sadness,0.7225556969642639,True
Neutral,စိတ် ပျော် စ ရာ ကောင်း တယ်,Joy,0.9005207419395447,False
Surprise,လုံး ဝ ကို စိတ် လှုပ် ရှား စ ရာ ကောင်း လွန်း တဲ့ Surprise ကြီး,Surprise,0.9909850358963013,True
Sadness,တိတ် ဆိတ် ခြင်း ရဲ့ အော် ဟစ် သံ,Sadness,0.8932759761810303,True
Anger,လူ လိမ်,Anger,0.9830596446990967,True
Fear,မိုး ကြိုး ပစ် သံ ကြောင့် လန့် အော် မိ တာ,Fear,0.9811233878135681,True
Surprise,ဟယ် ... အံ့ ဩ ဖို့ ကောင်း လိုက် တာ,Surprise,0.9906356930732727,True
Neutral,ဘာ ဟန် ဆောင် မှု မှ မ လို ဘဲ ကိုယ့် ရဲ့ တ ကယ့် ပ က တိ အ တိုင်း နေ ထိုင် ခွင့် ရ တဲ့ ပတ် ဝန်း ကျင် မှာ ရှိ နေ ရ တာ စိတ် အ ချ ရ ဆုံး ပါ ပဲ,Neutral,0.84770667552948,True
Neutral,စိတ် ထဲ အေး သွား တာ ပဲ,Neutral,0.8945333361625671,True
Neutral,ကိုယ့် အ ရှိန် နဲ့ ကိုယ် သွား နေ တာ,Neutral,0.9607733488082886,True
Joy,စိတ် ကြိုက် ပဲ,Joy,0.9446343183517456,True
Neutral,ဘာ ဖိ အား မှ မ ရှိ ဘဲ ကိုယ့် အ လုပ် ကိုယ် လုပ် ရ တာ ဇိမ် ပဲ,Neutral,0.9569419026374817,True
Anger,အ ပြော နဲ့ အ လုပ် မ ညီ တာ တွေ စိတ် ကုန် တယ်,Anger,0.9768337607383728,True
Anger,မင်း ဘာ တတ် နိုင် လို့ လဲ,Anger,0.9781503081321716,True
Surprise,မျက် လုံး ကို တောင် ပွတ် ပြီး ပြန် ကြည့် ရ တယ်,Surprise,0.9490489959716797,True
Anger,နား လည် အောင် ပြော တာ ကို မ ရ ဘူး,Anger,0.9791569709777832,True
Sadness,ပျောက် ဆုံး သွား တဲ့ ပျော် ရွှင် မှု များ,Sadness,0.921096682548523,True
Neutral,အ ရာ ရာ ကို ခွင့် လွှတ် လိုက် တာ စိတ် အေး တယ်,Neutral,0.9521554708480835,True
Joy,ရေ ချိုး ပြီး ခါ စ မှာ ရင် ထဲ လန်း ဆန်း ပြီး ပေါ့ ပါး သွား တဲ့ ခံ စား ချက်,Neutral,0.6014910340309143,False
Anger,စ ကား နာ မ လာ နဲ့,Anger,0.9793990850448608,True
Surprise,လုံး ဝ ကို အံ့ ဩ မှင် သက် စ ရာ ကောင်း လွန်း တယ်,Surprise,0.9911940693855286,True
Fear,ကြက် သီး ထ သွား တယ်,Neutral,0.7228366136550903,False
Surprise,မ ထင် မှတ် ထား တဲ့ ရ လဒ် ကြောင့် စိတ် လှုပ် ရှား နေ ရ တယ်,Surprise,0.9898466467857361,True
Love,မျှော် လင့် ချက် တွေ အ ကုန် တစ် စ စီ ကြွေ လွင့် သွား တဲ့ ည,Love,0.7966506481170654,True
Love,ဒီ အ တိုင်း အ ရာ ရာ ကို မေ့ ပစ် လိုက် ချင် တော့ တယ်,Sadness,0.5061621069908142,False
Joy,ပေါ့ ပါး သွား,Joy,0.7977796196937561,True
Fear,စင် ပေါ် တက် စ ကား ပြော ရ မှာ ကြောက် တယ်,Fear,0.9928088188171387,True
Anger,စိတ် ကုန် စ ရာ တွေ ချည်း ပဲ,Anger,0.9821478128433228,True
Surprise,ရင် ခုန် သံ တွေ ဆူ ညံ သွား ရ တဲ့ Surprise မျိုး ပဲ,Surprise,0.989280641078949,True
Joy,အို ကေ စို ပြေ,Joy,0.6181499361991882,True
Fear,မ ကောင်း တဲ့ သ တင်း တစ် ခု ခု ကြား ရ တော့ မ လား ဆို ပြီး ဖုန်း လာ တိုင်း ရင် တ ထိတ် ထိတ် နဲ့ ကိုင် နေ ရ တယ်,Fear,0.982772171497345,True
Fear,အ ပယ် ခံ ရ မှာ ကို ကြောက် တယ်,Fear,0.9926375150680542,True
Anger,တော် တော် လွန် သွား ပြီ,Anger,0.9818150401115417,True
Joy,ဝမ်း မြောက်,Joy,0.9689351320266724,True
Joy,နေ သာ လို့ ပျော် တယ်,Joy,0.9361044764518738,True
Neutral,ဘာ မှ မျှော် လင့် မ ထား တော့ လို့ ပေါ့ ပါး တယ်,Neutral,0.943730890750885,True
Love,နား လည် ပေး မယ့် သူ တစ် ယောက် မှ မ ရှိ တဲ့ ဘ ဝ,Sadness,0.622542679309845,False
Joy,အား လုံး ပြီး ပြီ,Joy,0.7169016599655151,True
Neutral,အေး အေး လူ လူ ပဲ,Neutral,0.9258438348770142,True
Anger,စ ကား လာ မ များ နဲ့,Anger,0.9787745475769043,True
Sadness,စိတ် ပျက် အား ငယ် ခြင်း,Sadness,0.8693203926086426,True
Fear,တစ် ယောက် တည်း မ နေ ရဲ ဘူး,Fear,0.9788235425949097,True
Anger,ဝင် မ ပါ နဲ့,Anger,0.7515848278999329,True
Neutral,ညဉ့် နက် မှ တိတ် ဆိတ် တာ ကို သ ဘော ကျ တယ်,Neutral,0.9066416025161743,True
Sadness,သစ် စာ ဖောက် ခံ ရ ခြင်း ရဲ့ အ ရ သာ,Sadness,0.8904011249542236,True
Love,ခွင့် လွှတ် ပေး ဖို့ တောင်း ပန် ရ တာ လည်း အ မော,Sadness,0.6661805510520935,False
Love,ငါ့ ရဲ့ တန် ဖိုး က ဒီ လောက် ပဲ လား,Sadness,0.8162660598754883,False
Anger,ခပ် ဝေး ဝေး မှာ နေ စမ်း ပါ,Anger,0.9684447050094604,True
Fear,ကြောက် စိတ် တွေ ရှိ နေ မှာ ကို ကြောက် တယ်,Fear,0.992705762386322,True
Neutral,စိတ် ထဲ နေ လို့ ကောင်း တဲ့ နေ့ တစ် နေ့,Neutral,0.911126434803009,True
Joy,အ ဆင် ပြေ သွား ပြီ,Neutral,0.7410174608230591,False
Joy,ကောင်း လိုက် တဲ့ သ တင်း,Joy,0.8401959538459778,True
Joy,အ ရာ ရာ အ ဆင် ပြေ တယ်,Neutral,0.8652563691139221,False
Anger,စိတ် အ ဆိပ် တက် တယ်,Anger,0.924750030040741,True
Sadness,ရင် ထဲ မှာ မြို သိပ် ထား ရ တဲ့ မျက် ရည် တွေ က ပို ပြီး ပူ လောင် တယ်,Sadness,0.7804935574531555,True
Fear,အ မှောင် ထဲ မှာ တစ် ယောက် တည်း ရှိ နေ တဲ့ အ ချိန် ဘာ မ ဟုတ် တဲ့ အ သံ လေး ကြား ရင် တောင် သွေး ပျက် မ တတ် လန့် သွား တတ် တယ်,Fear,0.9735665917396545,True
Love,အ ထီး ကျန် ခြင်း တွေ စု ပြုံ နေ တဲ့ အ ခန်း လေး,Sadness,0.6439293622970581,False
Sadness,အ ရင် လို ပြန် မ ဖြစ် နိုင် တော့ တဲ့ ဆက် ဆံ ရေး တစ် ခု ကို ငေး ကြည့် နေ ရ တာ ရင် နာ ဖို့ ကောင်း လိုက် တာ,Sadness,0.8415484428405762,True
Sadness,နာ ကျင် မှု တွေ က အ သား ကျ နေ ပြီ,Sadness,0.6463508605957031,True
Sadness,ဘာ ကို မှ မ ပြောင်း လဲ နိုင် ခဲ့ ဘူး,Sadness,0.688642680644989,True
Joy,ဒီ နေ့ တော့ ရှယ် ပဲ,Joy,0.5506657361984253,True
Anger,လာ မ ဆ ရာ လုပ် နဲ့,Anger,0.981360673904419,True
Fear,တံ ခါး ကို ဘယ် သူ လာ ခေါက် မှန်း မ သိ တဲ့ ညဉ့် နက် သန်း ခေါင် ယံ အ ချိန် တွေ က တ ကယ် ကို တုန် လှုပ် ခြောက် ခြား စ ရာ ပဲ,Fear,0.9811907410621643,True
Joy,စိတ် အေး ရ ပြီ,Neutral,0.5947867631912231,False
Love,ရင် ထဲ မှာ မွန်း ကြပ် နေ တယ်,Sadness,0.6491575241088867,False
Joy,မိ သား စု အား လုံး စုံ စုံ လင် လင် နဲ့ ထ မင်း ဝိုင်း မှာ တ ပျော် တ ပါး စား သောက် ရ တဲ့ အ ချိန် က အ ကောင်း ဆုံး ပဲ,Joy,0.7395893931388855,True
Neutral,အေး ချမ်း တဲ့ ည,Neutral,0.8403900861740112,True
Fear,ရင် တ လှိတ် လှိတ် နဲ့,Fear,0.9783244729042053,True
Love,ငါ က အ မြဲ တမ်း အ ပို လူ ပဲ,Sadness,0.6210436224937439,False
Joy,ရင် ထဲ နွေး ထွေး သွား တယ်,Joy,0.8602184653282166,True
Anger,အ ပြော ပဲ ရှိ တာ,Anger,0.9831463694572449,True
Neutral,အ နာ ဂတ် အ တွက် လည်း အေး ဆေး ပဲ ရင် ဆိုင် သွား မယ်,Neutral,0.9371524453163147,True
Neutral,ရိုး ရိုး ရှင်း ရှင်း လေး ပဲ,Neutral,0.9525754451751709,True
Anger,စိတ် ဆိုး နေ ပြီ,Anger,0.9817723035812378,True
Anger,မျက် စိ ထဲ ကန့် လန့် ကြီး,Anger,0.7865582704544067,True
Fear,အိပ် မက် ဆိုး တွေ က နေ နိုး မ လာ မှာ ကြောက် တယ်,Fear,0.9920421242713928,True
Surprise,ဘု ရား ရေ ... ဒါ တ ကယ် ကြီး ဖြစ် ပျက် နေ တာ လား,Surprise,0.9904159307479858,True
Anger,စိတ် ရှုပ် စ ရာ တွေ,Anger,0.9833860993385315,True
Fear,မျှော် လင့် ချက် မဲ့ မှာ ကို ကြောက် တယ်,Fear,0.9927731156349182,True
Joy,အောင် ပွဲ ပဲ ဟေ့,Joy,0.965613842010498,True
Anger,စိတ် တို စ ရာ ကောင်း အောင် တ မင် လုပ် နေ တာ,Anger,0.9799066185951233,True
Joy,ရေ ချိုး ရ လို့ ပျော် တယ်,Joy,0.9704750776290894,True
Joy,ကံ ကောင်း ခြင်း တွေ ပဲ,Joy,0.9161078333854675,True
Neutral,သ ဘာ ဝ အ တိုင်း ပဲ ဖြတ် သန်း သွား မယ်,Neutral,0.889752209186554,True
Anger,ပေါက် ကွဲ တော့ မယ်,Anger,0.9732155203819275,True
Anger,အ စီ အ စဉ် မ ရှိ တာ တွေ,Anger,0.9695340991020203,True
Fear,လန့် သွား တာ ပဲ,Fear,0.9886045455932617,True
Love,အ ရာ ရာ က ငါ့ အ မှား တွေ ချည်း ပဲ,Sadness,0.6598485708236694,False
Joy,ရင် ထဲ မှာ အေး ချမ်း ပြီး ဘာ လို လို နဲ့ ပြုံး နေ မိ တယ်,Neutral,0.6710898280143738,False
Love,စိတ် ဓာတ် တွေ ပြို လဲ သွား တဲ့ ည,Love,0.5884221196174622,True
Joy,အ ကောင်း ဆုံး နေ့ မို့ ပျော် တယ်,Joy,0.9607512354850769,True
Fear,ရင် ထဲ တ ဒိန်း ဒိန်း နဲ့,Anger,0.7151646018028259,False
Fear,လန့် ဖျတ် သွား တာ ပဲ,Fear,0.9868701100349426,True
Love,ဘာ လို့ အ မြဲ တမ်း ငါ ပဲ ခံ စား ရ လဲ,Sadness,0.6436946988105774,False
Anger,မျက် နှာ ကို မ မြင် ချင် ဘူး,Anger,0.9828740358352661,True
Joy,ကား ပိတ် တဲ့ အ ချိန် မှာ ကိုယ် သွား မယ့် ဘက် က လမ်း ပွင့် နေ တာ မျိုး,Neutral,0.9348551034927368,False
Fear,တစ် ခု ခု ဆုံး ရှုံး ရ မှာ ကို တွေး ပြီး ကြောက် တယ်,Fear,0.99184250831604,True
Joy,အ ရမ်း ပျော် တာ ပဲ,Joy,0.9705582857131958,True
Fear,ဒေါ သ သံ တွေ ကို ကြောက် တယ်,Fear,0.9912607073783875,True
Neutral,ဒီ နေ့ တော့ စိတ် ရော ကိုယ် ပါ အ နား ရ တဲ့ နေ့,Neutral,0.9249290823936462,True
Anger,ဘာ မှ လာ မ တောင်း ဆို နဲ့,Anger,0.9811747074127197,True
Neutral,စိတ် လက် ပေါ့ ပါး စွာ နဲ့,Neutral,0.9015643000602722,True
Surprise,စိတ် ထဲ မှာ ဗြုန်း ခ နဲ ထူး ခြား သွား တာ ပဲ,Surprise,0.9909701347351074,True
Surprise,မ ထင် မှတ် ထား ဘဲ ဖြစ် သွား တော့ ရင် တွေ တောင် တုန် တယ်,Surprise,0.9900128841400146,True
Anger,ဘာ မှ တန် ဖိုး မ ရှိ ဘူး,Anger,0.9537299275398254,True
Surprise,ဝါး ... လုံး ဝ မ ထင် ထား တဲ့ လှည့် ကွက် ပဲ,Surprise,0.9911535382270813,True
Joy,နှစ် ပေါင်း များ စွာ ကြိုး စား အား ထုတ် ခဲ့ ရ တဲ့ ရ လဒ် တွေ က အ ခု တော့ အောင် အောင် မြင် မြင် နဲ့ အ သီး အ ပွင့် ခံ စား ရ ပြီ,Joy,0.7293941974639893,True
Neutral,စိတ် ထဲ ပေါ့ သွား ပြီ,Neutral,0.8101197481155396,True
Joy,တ ကယ် အ ဆင် ပြေ တယ်,Joy,0.5701260566711426,True
Fear,အိမ် မက် ဆိုး တွေ ထဲ က လို ပဲ တ ကယ့် လက် တွေ့ မှာ ဖြစ် လာ ခဲ့ ရင် ငါ ဘယ် လို ရင် ဆိုင် ရ မ လဲ တွေး ရင်း ကြောက် နေ မိ တယ်,Fear,0.9913075566291809,True
Fear,ခွဲ ခွာ ရ မှာ ကို ကြောက် တယ်,Fear,0.9927579164505005,True
Anger,မင်း ကို မေး နေ လို့ လား,Anger,0.9837105870246887,True
Sadness,အ မြဲ တမ်း နောက် ကျ နေ ခဲ့ တယ်,Sadness,0.7039631605148315,True
Joy,ကိုယ် ပိုင် အ ချိန် လေး တစ် ခု ကို စိတ် အေး လက် အေး ဖြတ် သန်း ရ တဲ့ နေ့,Neutral,0.8878110647201538,False
Joy,စိတ် ချမ်း မြေ့,Joy,0.9134888052940369,True
Anger,ကိုယ့် လမ်း ကိုယ် သွား စမ်း ပါ,Anger,0.9815592765808105,True
Sadness,အ ရာ ရာ က ပျက် စီး သွား ပြီ,Sadness,0.6624433994293213,True
Joy,အောင် ပွဲ ခံ ပြီ,Joy,0.9710924029350281,True
Surprise,အံ့ ဩ လွန်း လို့ စ ကား လုံး တွေ တောင် ပျောက် ရှ ကုန် ပြီ,Surprise,0.9909159541130066,True
Neutral,သ ဘာ ဝ အ တိုင်း ပဲ ဖြစ် ပါ စေ,Neutral,0.9551505446434021,True
Fear,ကြောက် စိတ် က ငယ် ထိပ် ရောက် တယ်,Fear,0.9917700290679932,True
Joy,ည ဘက် လ သာ သာ မှာ က ဗျာ လေး ဖတ် ၊ သီ ချင်း လေး နား ထောင် ရင်း စိတ် ကူး ယဉ် ရ တာ တ ကယ့် ကို သာ ယာ ကြည် နူး စ ရာ ပဲ,Joy,0.5975887775421143,True
Neutral,စိတ် အေး ချမ်း စွာ အိပ် စက် ပါ ပြီ,Neutral,0.9431005716323853,True
Neutral,စိတ် ထဲ လွတ် လပ် သွား ပြီ,Neutral,0.8820841312408447,True
Neutral,ကော် ဖီ နံ့ သင်း သင်း လေး က မ နက် ခင်း ကို လန်း ဆန်း စေ တယ်,Neutral,0.5834159851074219,True
Anger,အ လို မ ကျ ဘူး,Anger,0.9820706844329834,True
Joy,အင် တာ နက် လိုင်း ကောင်း လွန်း လို့ အ လုပ် တွေ အ မြန် ပြီး သွား တဲ့ နေ့,Joy,0.5858706831932068,True
Anger,စ ကား တွေ ရှည် မ နေ နဲ့,Anger,0.977680504322052,True
Surprise,မ ယုံ နိုင် စ ရာ ကောင်း လောက် အောင် ထူး ခြား တဲ့ နေ့ တစ် နေ့,Surprise,0.9902179837226868,True
Joy,ဖုန်း လာ လို့ ပျော် တယ်,Joy,0.956588089466095,True
Surprise,ဟား ... ဒါ မျိုး ကျ တော့ လည်း မ ဆိုး ဘူး ပဲ,Surprise,0.991689145565033,True
Anger,အ သိ ဉာဏ် မ ရှိ တာ စိတ် ပျက် ဖို့ ကောင်း တယ်,Anger,0.9823378324508667,True
Surprise,အံ့ ဩ စ ရာ ကောင်း လောက် အောင် ထူး ခြား နေ တယ်,Surprise,0.99098140001297,True
Sadness,အ ထီး ကျန် စွာ နဲ့ ရုန်း ကန် ခြင်း,Sadness,0.7426959872245789,True
Joy,ပြုံး မိ ပြီ,Joy,0.9513614773750305,True
Neutral,အေး ဆေး ပဲ ပေါ့,Neutral,0.9239951968193054,True
Fear,အ နာ ဂတ် အ တွက် တွေး မိ တိုင်း ရင် တုန် ရ တယ်,Fear,0.9922159314155579,True
Anger,နား ညည်း တယ်,Anger,0.9791556000709534,True
Surprise,ဝါး ... ဒါ မျိုး ကျ တော့ လည်း ရင် ခုန် ရ တာ တန် တာ ပေါ့,Surprise,0.9912846088409424,True
Anger,မျက် နှာ သာ ပေး ထား လို့,Neutral,0.8439881205558777,False
Neutral,ဘ ဝ က ရိုး ရိုး ရှင်း ရှင်း လေး တင် လှ ပါ တယ်,Neutral,0.896404504776001,True
Fear,ငါ့ ရဲ့ လျှို့ ဝှက် ချက် တွေ ကို သူ များ တွေ သိ သွား မှာ ကို တွေး မိ တိုင်း ရင် ထဲ တ ဒိန်း ဒိန်း ခုန် ပြီး ကြောက် လန့် နေ မိ တယ်,Fear,0.9906179308891296,True
Joy,ကိုယ် ချစ် ရ တဲ့ သူ က ကိုယ့် မျက် လုံး ကို ကြည့် ပြီး ပြုံး ပြ လိုက် တဲ့ စက် ကန့် လေး မှာ တင် အ ရာ ရာ ပြည့် စုံ သွား သ လို ပဲ,Neutral,0.7882957458496094,False
Sadness,ပင် ပန်း လွန်း လို့ အိပ် ပျော် သွား ချင် ပြီ,Sadness,0.6310511827468872,True
Anger,သောက် ကျင့် ကို မ ကောင်း တာ,Anger,0.9805106520652771,True
Neutral,အ ရာ ရာ ကို အ ကောင်း ဆုံး ဖြတ် သန်း မယ်,Neutral,0.8594393730163574,True
Neutral,သာ ယာ တဲ့ နေ့ လေး,Neutral,0.7909488081932068,True
Anger,ကြည့် ရ တာ နဲ့ တင် ဒေါ သ ထွက် တယ်,Anger,0.9710071086883545,True
Love,အ ရာ ရာ က မှုန် မှိုင်း နေ တာ ပဲ,Sadness,0.7063943147659302,False
Fear,ရုတ် တ ရက် ကမ် ဘာ ကြီး ပျက် စီး သွား မ လား ဆို တဲ့ အ တွေး ဆန်း တွေ ဝင် လာ ပြီး ကြောက် လန့် နေ မိ တာ,Fear,0.9885839223861694,True
Sadness,အ မှောင် ထု ထဲ မှာ တစ် ယောက် တည်း,Fear,0.5862398743629456,False
Love,စိတ် ဓာတ် တွေ အောက် ခြေ အ ထိ ထိုး ကျ သွား တဲ့ နေ့,Sadness,0.6135293245315552,False
Neutral,အိပ် လို့ ကောင်း တော့ မယ်,Neutral,0.8319804668426514,True
Neutral,စိတ် အေး ရ တဲ့ ခံ စား ချက် က အ ကောင်း ဆုံး,Neutral,0.950667679309845,True
Anger,မြင် ရ တာ တင် စိတ် ရှုပ် ဖို့ ကောင်း တယ်,Anger,0.9831193089485168,True
Sadness,နေ့ ရက် တိုင်း က မှောင် မိုက် နေ တယ်,Sadness,0.6943423748016357,True
Sadness,စ ကား လုံး မ ရှိ တဲ့ ဝမ်း နည်း မှု,Sadness,0.8730983734130859,True
Joy,အ ဆင် ပြေ ချက်,Joy,0.7584928870201111,True
Surprise,ဟာ ... တ ကယ် ကို မ ထင် ထား ဘူး,Surprise,0.9913540482521057,True
Joy,အိပ် ရေး ဝ လို့ ပျော် တယ်,Joy,0.9542006850242615,True
Joy,ကြည် နူး မှု အ ပြည့်,Joy,0.9644836187362671,True
Sadness,အား လုံး က အ တု အ ယောင် တွေ ပဲ,Sadness,0.7009434700012207,True
Neutral,သူ တစ် ပါး ကို ကူ ညီ လိုက် ရ လို့ စိတ် ထဲ ကြည် နူး ရ တယ်,Neutral,0.7769521474838257,True
Love,မျှော် လင့် ချက် မဲ့ ခြင်း ရဲ့ အ ရ သာ,Sadness,0.8550167679786682,False
Anger,စောက် သုံး ကို မ ကျ ဘူး,Anger,0.9805395603179932,True
Neutral,အ ချိန် တွေ အေး အေး ဆေး ဆေး ကုန် ဆုံး သွား တာ သ ဘော ကျ တယ်,Neutral,0.9612104892730713,True
Joy,ကြည် ကြည် လင် လင်,Joy,0.8780238032341003,True
Love,စိတ် အ မော တွေ နဲ့ ပဲ နေ့ ရက် တိုင်း ကုန် ဆုံး တယ်,Sadness,0.6934630870819092,False
Anger,စိတ် အ နှောင့် အ ယှက် ပေး တာ ဝါ သ နာ ပါ နေ လား,Anger,0.982869565486908,True
Joy,ကိုယ် နှစ် သက် တဲ့ အ နု ပ ညာ အ လုပ် တစ် ခု ကို စိတ် ရော ကိုယ် ပါ နှစ် မြှုပ် ပြီး လုပ် ခွင့် ရ တာ တ ကယ့် ပျော် ရွှင် မှု ပဲ,Joy,0.9131296277046204,True
Neutral,စိတ် လက် အေး ချမ်း စွာ နဲ့,Neutral,0.8867198824882507,True
Fear,တိတ် ဆိတ် မှု က ငါ့ ကို ကြောက် စေ တယ်,Fear,0.992998480796814,True
Sadness,အ ရာ ရာ က က မောက် က မ တွေ ဖြစ် ကုန် ပြီ,Sadness,0.6914700269699097,True
Surprise,အံ့ ဩ လွန်း လို့ ရင် ဘတ် ကို လက် နဲ့ တောင် ဖိ ထား ရ တယ်,Surprise,0.9911379218101501,True
Surprise,အို ... ဒါ တ ကယ့် ကို အံ့ ဩ စ ရာ ပဲ,Surprise,0.991658627986908,True
Fear,ဒီ အ တိုင်း ကြီး ရှုံး နိမ့် သွား မှာ ကို မ လို လား ဘူး,Fear,0.9884491562843323,True
Joy,စိတ် တိုင်း ကျ လို့ ပျော် တယ်,Joy,0.9319303631782532,True
Surprise,ဝိုး ... ဒါ ကြီး က တော့ တ ကယ် ကို မိုက် လွန်း တယ်,Surprise,0.9914653897285461,True
Surprise,ဝါး ... ဘယ် လို မှ တွေး မ ထား မိ တဲ့ အ ရာ မျိုး ပဲ,Surprise,0.9904870390892029,True
Surprise,ဟာ ... လုံး ဝ ကို Perfect ပဲ ၊ အံ့ ဩ ရ တယ်,Surprise,0.9914649128913879,True
Fear,အ သက် ရှူ ရပ် မ တတ် ပဲ,Anger,0.9349006414413452,False
Surprise,အံ့ ဩ လွန်း လို့ အော် တောင် အော် မိ တယ်,Surprise,0.9907408952713013,True
Neutral,ကိုယ့် ကိုယ် ကိုယ် ကျေ နပ် တဲ့ နေ့,Neutral,0.9215760231018066,True
Neutral,ပေါ့ ပေါ့ ပါး ပါး ပါ ပဲ,Neutral,0.944839358329773,True
Neutral,ဒီ နေ့ ရာ သီ ဥ တု က အေး မြ တယ်,Neutral,0.9153301119804382,True
Fear,ဘ ဝ ပျက် မှာ ကို ကြောက် တယ်,Fear,0.9929816722869873,True
Anger,မ ခံ နိုင် တော့ ဘူး,Anger,0.976469099521637,True
Anger,ပြော မ ရ ဆို မ ရ,Anger,0.9766363501548767,True
Joy,ဒါ မှ ငါ့ နေ့,Joy,0.9409112930297852,True
Joy,အ ပင် လေး တွေ ပွင့် လို့ ပျော် တယ်,Joy,0.9532034397125244,True
Fear,ရင် တုန် လိုက် တာ,Fear,0.9915174245834351,True
Joy,လမ်း မှာ ခွေး ပေါက် စ လေး တွေ ဆော့ နေ တာ မြင် ပြီး အ လို လို ပြုံး မိ တာ,Neutral,0.8082441091537476,False
Neutral,က လေး လို စိတ် ပေါ့ ပါး နေ တာ,Neutral,0.955315351486206,True
Anger,စိတ် မ ရှည် တော့ ဘူး လို့ ပြော နေ တယ် လေ,Anger,0.9715908765792847,True
Love,မျှော် လင့် ရ တာ ပင် ပန်း လွန်း လို့,Sadness,0.7320757508277893,False
Love,အား လုံး က ငါ့ ကို စွန့် ပစ် သွား ကြ တာ,Sadness,0.664196252822876,False
Fear,သွေး မြင် ရင် လန့် တတ် တယ်,Fear,0.9863450527191162,True
Joy,ငါ့ ဘ ဝ လေး က ရိုး ရိုး ရှင်း ရှင်း နဲ့ ပျော် ဖို့ ကောင်း ပါ တယ်,Joy,0.8286135792732239,True
Anger,ဘာ လုပ် လုပ် အ လွဲ လွဲ အ ချော် ချော် တွေ,Anger,0.9622272849082947,True
Fear,အား ကိုး ရာ မဲ့ သွား မှာ ကို အ ကြောက် ဆုံး ပဲ,Fear,0.9923880100250244,True
Fear,ကူ ညီ မယ့် သူ မ ရှိ မှာ ကို ကြောက် တယ်,Fear,0.992171049118042,True
Joy,အေး ချမ်း လိုက် တာ,Neutral,0.835423469543457,False
Fear,တံ ခါး ခေါက် သံ က လန့် စ ရာ,Fear,0.9901540875434875,True
Neutral,စိတ် ထဲ မှာ ပေါ့ ပါး လွန်း လို့,Neutral,0.8679772019386292,True
Fear,သွေး လန့် သွား တယ်,Fear,0.9870629906654358,True
Neutral,ကိုယ့် အိမ် လေး က အ အေး ချမ်း ဆုံး,Neutral,0.9313270449638367,True
Love,အ ရာ ရာ ကို အ ရှုံး ပေး လိုက် ပါ ပြီ,Sadness,0.6478167176246643,False
Neutral,ဘာ မှ လော စ ရာ မ ရှိ,Neutral,0.936633825302124,True
Neutral,လော က ကြီး ရဲ့ ရုန်း ကန် လှုပ် ရှား မှု တွေ ကြား က နေ ခ ဏ တာ ခွဲ ထွက် ပြီး ကိုယ် ပိုင် အ ခန်း လေး ထဲ မှာ အေး အေး ဆေး ဆေး နား နေ ရ တာ အ ကောင်း ဆုံး ပဲ,Neutral,0.9462888240814209,True
Love,နှ လုံး သား က တိတ် တ ဆိတ် သွေး စိမ်း ရှင် ရှင် ယို နေ သ လို ပဲ,Sadness,0.6191843748092651,False
Surprise,လုံး ဝ ကို မျှော် လင့် မ ထား တဲ့ အ လှည့် အ ပြောင်း ပဲ ဗျာ,Surprise,0.9839509725570679,True
Neutral,အိပ် ရေး ဝ ဝ အိပ် လိုက် ရ တာ တ ကယ့် အ ကောင်း ဆုံး,Neutral,0.9224510192871094,True
Joy,အောင် ပွဲ ခံ,Joy,0.9757621884346008,True
Love,အ ဆင် မ ပြေ မှု တွေ နဲ့ ပဲ အ သား ကျ နေ ပါ ပြီ,Sadness,0.5149447321891785,False
Surprise,ဝါး ... ဒါ က တော့ လုံး ဝ ကို Surprise အ စစ် ပဲ,Surprise,0.991003155708313,True
Joy,စိတ် ချမ်း သာ လိုက် တာ,Neutral,0.7911782264709473,False
Surprise,ဘယ် လို ကြီး လဲ ... မ ခန့် မှန်း နိုင် အောင် ကောင်း လွန်း တယ်,Surprise,0.9910346865653992,True
Surprise,မ ထင် မှတ် ဘဲ ကံ ကောင်း သွား တဲ့ အ ခါ ခံ စား ရ တဲ့ အံ့ ဩ မှု မျိုး,Surprise,0.9910458922386169,True
Neutral,က လေး တွေ ဆော့ က စား နေ တာ ကြည့် ပြီး စိတ် ချမ်း သာ ရ တယ်,Neutral,0.9486992955207825,True
Surprise,တ ကယ့် ကို မ မျှော် လင့် ဘဲ ရ လိုက် တဲ့ လက် ဆောင် ပဲ,Surprise,0.9900993704795837,True
Joy,ကား မ ပိတ် လို့ ပျော် တယ်,Joy,0.9535840153694153,True
Neutral,စိတ် ပူ စ ရာ တွေ ကို လွှတ် ချ လိုက် နိုင် ပြီ,Neutral,0.8725846409797668,True
Surprise,အို မိုင် ဂေါ့ ... တ ကယ် ကြီး ဖြစ် သွား ပြီ,Surprise,0.9917333126068115,True
Joy,အ ပျော် ဆုံး အ ချိန်,Joy,0.971089243888855,True
Surprise,မ ယုံ နိုင် စ ရာ ကောင်း လောက် အောင် ပြီး ပြည့် စုံ နေ တယ်,Surprise,0.9898439645767212,True
Anger,သောက် ဖတ် ကို မ လုပ် တာ,Anger,0.980535626411438,True
Neutral,ည ဘက် လ သာ တာ ကို ငေး ကြည့် ရ တာ စိတ် ကြည် နူး စ ရာ,Neutral,0.8569767475128174,True
Fear,သေ ရ မှာ ကို ကြောက် တယ်,Fear,0.9926877021789551,True
Love,မျက် ရည် တွေ က ငါ့ ရဲ့ အ ရင်း နှီး ဆုံး သူ ငယ် ချင်း ဖြစ် လာ တယ်,Love,0.7885293364524841,True
Sadness,အ ချိန် တွေ က ဒဏ် ရာ ကို ကု မ ပေး နိုင် ပါ ဘူး,Sadness,0.7887436151504517,True
Anger,မျက် စိ နောက် တယ်,Anger,0.977732241153717,True
Joy,လုပ် စ ရာ စာ ရင်း ထဲ က အ လုပ် တွေ ကို တစ် ခု ပြီး တစ် ခု အ မှန် ခြစ် ပြီး အ ကျိုး ရှိ တဲ့ နေ့ တစ် နေ့,Neutral,0.7454630732536316,False
Neutral,ကမ်း ခြေ မှာ လေ ညင်း ခံ ရ တာ စိတ် ထဲ ပေါ့ ပါး သွား စေ တယ်,Neutral,0.9548991918563843,True
Sadness,သ တိ ရ ရုံ က လွဲ လို့ ဘာ မှ မ လုပ် နိုင် တော့ ဘူး,Sadness,0.7183412909507751,True
Fear,ပုန်း နေ လိုက် မယ်,Fear,0.948240339756012,True
Fear,အို မင်း ရ မှာ ကို ကြောက် တယ်,Fear,0.9929963946342468,True
Anger,နား ငြီး တယ်,Anger,0.9829661846160889,True
Sadness,ခွင့် လွှတ် ဖို့ ခက် ခဲ လွန်း တဲ့ အ မှား တွေ,Sadness,0.7884724140167236,True
Love,နာ ကျင် ရ လွန်း လို့ အ သက် ရှူ ဖို့ တောင် မေ့ ချင် တယ်,Sadness,0.6134204268455505,False
Neutral,ဒီ နေ့ တော့ ကိုယ့် စိတ် လေး က ငြိမ် သက် နေ တယ်,Neutral,0.9184862971305847,True
Neutral,အား လုံး က ပုံ မှန် အ တိုင်း အ ဆင် ပြေ နေ တာ,Neutral,0.8811391592025757,True
Fear,မေ့ လျော့ ခံ ရ မှာ ကို ကြောက် တယ်,Fear,0.9927355051040649,True
Fear,ကြောက် လွန်း လို့ စ ကား တောင် မ နည်း ပြော နေ ရ တယ်,Fear,0.9915372133255005,True
Neutral,စိတ် မ ကျဉ်း ကျပ် တော့ ဘူး,Neutral,0.8616928458213806,True
Neutral,အေး အေး ဆေး ဆေး နဲ့ ပြီး ပြည့် စုံ တယ်,Neutral,0.9386246800422668,True
Neutral,အ ရာ ရာ အ ဆင် ပြေ တယ်,Neutral,0.8652563691139221,True
Love,အား လုံး က ရိုး အီ သွား ပြီ,Sadness,0.5062002539634705,False
Joy,အိမ် မှာ နား ရ လို့ ပျော် တယ်,Joy,0.9509401321411133,True
Anger,စိတ် ရှုပ် အောင် လာ မ လုပ် နဲ့,Anger,0.9764635562896729,True
Anger,စိတ် တို ရ လွန်း လို့ သွေး တိုး တယ်,Anger,0.9740400314331055,True
Anger,လုံး ဝ စိတ် မ ရှည် တော့ ဘူး,Anger,0.9773790836334229,True
Anger,အ ခု ချက် ချင်း ထွက် သွား,Anger,0.9679630398750305,True
Anger,မင်း ကြောင့် ဖြစ် ရ တာ,Anger,0.9835086464881897,True
Love,အ လ ကား ပါ ပဲ,Sadness,0.5958622097969055,False
Anger,စိတ် ပျက် စ ရာ ကြီး ကွာ,Anger,0.9812299013137817,True
Neutral,စိတ် လက် ပေါ့ ပါး စွာ ဖြတ် သန်း နေ တာ,Neutral,0.9291003346443176,True
Fear,ဆေး ထိုး အပ် မြင် တာ နဲ့ တင် အ သား တွေ တုန် လာ ပြီ,Fear,0.6294856071472168,True
Joy,ရင် ထဲ က ပျော် ရွှင် မှု တွေ က မျက် လုံး ထဲ အ ထိ ပေါ် လွင် နေ တယ်,Joy,0.9112075567245483,True
Fear,ကြောက် လို့ ပါ,Fear,0.9918125867843628,True
Joy,ခက် ခဲ တဲ့ စိန် ခေါ် မှု တွေ ကို ရင် ဆိုင် ကျော် ဖြတ် ပြီး တဲ့ နောက် ရ ရှိ လာ တဲ့ အောင် မြင် မှု က ပို ပြီး ချို မြိန် လှ ပါ တယ်,Joy,0.8906245231628418,True
Neutral,လော လော ဆယ် အ ချိန် လေး မှာ ပဲ အာ ရုံ စိုက် နေ တာ,Neutral,0.9469230771064758,True
Neutral,ည နေ ခင်း က သာ ယာ တယ်,Neutral,0.9410322308540344,True
Anger,ဘာ လို့ အ မြဲ တမ်း ငါ့ ကို ပဲ လာ လုပ် နေ ကြ တာ လဲ,Sadness,0.7026395797729492,False
Anger,အ ကုန် လွဲ နေ တာ ပဲ,Anger,0.9795277714729309,True
Sadness,နှုတ် ဆိတ် ခြင်း က ပို ပြီး နာ ကျင် ရ တယ်,Sadness,0.7406788468360901,True
Neutral,လေ ပြေ လေး က တိုက် လို့,Neutral,0.9509164094924927,True
Anger,စိတ် အာ ရုံ နောက် တယ်,Anger,0.9692291021347046,True
Joy,စိတ် ကျေ နပ် တယ်,Neutral,0.544436514377594,False
Surprise,ဘု ရား ရေ ... ဒါ အ စစ် အ မှန် ကြီး လား,Surprise,0.9903393387794495,True
Fear,ရင် ဘတ် ကြီး တုန် လိုက် တာ,Fear,0.9879083037376404,True
Neutral,ရင် ထဲ မှာ ရှင်း လင်း တောက် ပ နေ တာ,Neutral,0.9368528127670288,True
Neutral,အေး ချမ်း လိုက် တာ,Neutral,0.835423469543457,True
Fear,အ မြင့် ရောက် ရင် ခေါင်း တွေ မူး ပြီး ကြောက် လာ တာ,Fear,0.9922754168510437,True
Neutral,သက် သာ ရာ ရ သွား ပြီ,Neutral,0.9188340902328491,True
Fear,သ တင်း ဆိုး ကြား ရ မှာ ကြောက် တယ်,Fear,0.9929893016815186,True
Fear,ဒီ နေ ရာ ကြီး က တစ် မျိုး ကြီး ပဲ ခြောက် ခြား စ ရာ,Fear,0.9892296195030212,True
Neutral,စိတ် ထဲ ရှင်း သွား တာ ပဲ,Neutral,0.9423637986183167,True
Surprise,ဟာ ... တ ကယ် ကြီး လား !,Surprise,0.9913923740386963,True
Fear,တိတ် ဆိတ် လွန်း တဲ့ ည က ပို ပြီး ကြောက် ဖို့ ကောင်း တယ်,Fear,0.9918335676193237,True
Joy,မ နက် ခင်း ငှက် က လေး တွေ ရဲ့ တေး ဆို သံ ကို ကြား ရ တာ တင် ဘ ဝ ကို ပို ပြီး ချစ် မြတ် နိုး လာ စေ တယ်,Neutral,0.7775283455848694,False
Joy,အ ဆင် ပြေ ပြေ ပြီး သွား ပြီ,Neutral,0.8803921341896057,False
Surprise,အ မ လေး ... အံ့ ဩ လွန်း လို့ အော် တောင် အော် မိ တယ်,Surprise,0.9915903210639954,True
Fear,ရင် ခုန် သံ တွေ မြန် လာ ပြီ,Fear,0.9908657670021057,True
Joy,အ နား ရ လို့ ပျော် တယ်,Joy,0.9695808291435242,True
Fear,အ ဆိပ် ရှိ တဲ့ သတ် တ ဝါ တွေ မြင် ရင် သွေး ပျက် တယ်,Fear,0.9713196754455566,True
Joy,သီ ချင်း အေး အေး လေး နား ထောင် ရင်း လမ်း လျှောက် ရ တာ စိတ် ချမ်း သာ ဖို့ ကောင်း တယ်,Neutral,0.7147759199142456,False
Fear,နောက် ကျ ကျန် ခဲ့ မှာ ကို ကြောက် တယ်,Fear,0.9925917387008667,True
Joy,ချစ် ခြင်း မေတ် တာ တွေ ကြား မှာ ရှင် သန် ရ တာ တ ကယ့် ကို ပျော် စ ရာ,Joy,0.944750189781189,True
Joy,မျှော် လင့် ထား သ လို ဖြစ် လာ ပြီ,Joy,0.8441872596740723,True
Neutral,စိတ် အေး ချမ်း မှု အ ပြည့် ရှိ တဲ့ နေ့ တစ် နေ့,Neutral,0.9095608592033386,True
Joy,ခက် ခဲ တဲ့ အ လုပ် တစ် ခု ကို ကိုယ့် အား ကိုယ် ကိုး ပြီး အောင် အောင် မြင် မြင် ပြီး မြောက် သွား တာ,Joy,0.6742634773254395,True
Neutral,ကိုယ့် စိတ် ကိုယ် ပြန် သိ ရ တာ အေး ချမ်း တယ်,Neutral,0.954271674156189,True
Joy,စိတ် ချမ်း မြေ့ စ ရာ ပဲ,Neutral,0.8564040660858154,False
Neutral,စိတ် ကြည် လင် သွား တယ်,Neutral,0.5763765573501587,True
Neutral,လန်း ဆန်း တဲ့ မ နက် ခင်း,Neutral,0.9100649952888489,True
Anger,ဘာ အာ ဏာ ရှိ လို့ လဲ,Anger,0.9726682305335999,True
Joy,ဝမ်း သာ လိုက် တာ,Joy,0.6951367855072021,True
Anger,ကမ် ဘာ ပေါ် မှာ အ မုန်း ဆုံး ပဲ,Anger,0.9705450534820557,True
Joy,ငယ် ငယ် က အိပ် မက် ခဲ့ တဲ့ နေ ရာ လေး ကို အ ခု လို ကိုယ် တိုင် ရောက် ရှိ လာ ရ တော့ ရင် ထဲ မှာ အ တိုင်း မ သိ ပျော် မိ တယ်,Joy,0.5769322514533997,True
Fear,အော် လိုက် ရ မ လား,Fear,0.9871549606323242,True
Surprise,အံ့ ဩ စ ရာ တွေ ချည်း ဆက် တိုက် ဖြစ် နေ လို့ ရင် ခုန် နေ ရ တယ်,Surprise,0.9903756976127625,True
Fear,ဒီ လူ နဲ့ ဝေး သွား မှာ ကို သေ မ တတ် ကြောက် တာ,Fear,0.992939829826355,True
Joy,ဒီ နေ့ တော့ စိတ် ညစ် စ ရာ အား လုံး ကို မေ့ ထား ပြီး ပျော် ပျော် ရွှင် ရွှင် နေ မယ်,Joy,0.5663760900497437,True
Joy,ကြယ် တွေ ကြည့် ရ လို့ ပျော် တယ်,Joy,0.9595458507537842,True
Joy,စာ မေး ပွဲ အောင် လို့ ပျော် တယ်,Joy,0.9704639911651611,True
Sadness,အ ချိန် တွေ အ နောက် ကို ပြန် ရ ချင် မိ တယ်,Sadness,0.6413818001747131,True
Neutral,လေ ညင်း လေး က တိုး ဝှေ့ သွား တယ်,Neutral,0.945410966873169,True
Fear,အ မှား လုပ် မိ မှာ ကို အ မြဲ ကြောက် တယ်,Fear,0.9926930665969849,True
Love,ပျော် ရွှင် ရ မယ့် အ လှည့် က ငါ့ ဆီ ဘယ် တော့ မှ ရောက် မ လာ ဘူး,Sadness,0.8283921480178833,False
Sadness,ငါ့ ရဲ့ ဖြစ် တည် မှု ကို မုန်း တီး မိ တယ်,Sadness,0.6897393465042114,True
Joy,စိတ် အေး ချမ်း ချက်,Joy,0.6081652641296387,True
Anger,မင်း ဘာ သိ လို့ လဲ,Anger,0.9838094711303711,True
Love,အိပ် မ ပျော် တဲ့ ည တွေ အ လီ လီ ကုန် လွန် လို့,Sadness,0.7774673700332642,False
Joy,အ ပူ အ ပင် ဝေး,Joy,0.5722018480300903,True
Love,မိုး ရေ ထဲ မှာ ငို ရ တာ မျက် ရည် မ မြင် ရ လို့ အ ဆင် ပြေ တယ်,Sadness,0.7470508813858032,False
Surprise,ဝိုး ... လုံး ဝ အ လန်း စား ပဲ,Surprise,0.9910305738449097,True
Neutral,ကိုယ့် အိမ် ကိုယ် ပြန် ရောက် တဲ့ ခံ စား ချက် က အ ကောင်း ဆုံး ပဲ,Neutral,0.9560679197311401,True
Surprise,ဘု ရား ရေ ... ဒါ မျိုး လည်း ရှိ နိုင် တာ ပဲ လား,Surprise,0.9910174608230591,True
Fear,ဆ ရာ ဝန် က ရော ဂါ အ ဖြေ ရှာ မယ့် စက် ကန့် ပိုင်း လေး က အ သက် ရှူ ရပ် မ တတ် ကြောက် စ ရာ ကောင်း လှ ပါ တယ်,Fear,0.9919805526733398,True
Fear,ဘာ ကြီး လဲ မ သိ ဘူး,Fear,0.8862941265106201,True
Anger,စိတ် ကူး ထဲ တောင် ထည့် မ တွေး ချင် ဘူး,Anger,0.9730096459388733,True
Anger,တော် စမ်း,Anger,0.976219117641449,True
Neutral,လေ ကောင်း လေ သန့် ရ တဲ့ နေ ရာ လေး မှာ အ သက် ရှူ ရ တာ ဝ တယ်,Neutral,0.9606906771659851,True
Fear,အ ရှိန် နဲ့ လန့် သွား တာ,Fear,0.9639233946800232,True
Anger,အ မြဲ တမ်း ငါ့ အ လှည့် ကျ မှ,Anger,0.956610918045044,True
Anger,သောက် သုံး မ ကျ ဘူး,Anger,0.9744262099266052,True
Love,အား လုံး က ကိုယ့် ကို ထား ခဲ့ ကြ ပြီ,Sadness,0.6145274639129639,False
Anger,ကိုယ့် ကိုယ် ကိုယ် ဘာ ထင် နေ လဲ,Anger,0.9769699573516846,True
Surprise,ဟာ ... ဒါ ကြီး က တော့ အ လန်း ဇ ယား ပဲ,Surprise,0.9914729595184326,True
Neutral,အိမ် မှာ ပဲ အေး အေး ဆေး ဆေး ချက် ပြုတ် စား ရ တာ ပျော် စ ရာ,Joy,0.5105851292610168,False
Surprise,ဟုတ် လို့ လား ... မ ယုံ နိုင် စ ရာ ပဲ !,Surprise,0.9917958378791809,True
Fear,တောင်း ပန် ပါ တယ်,Anger,0.9443440437316895,False
Anger,အောက် တန်း ကျ လိုက် တာ,Fear,0.9178192019462585,False
Anger,ဘာ ဖြစ် ချင် နေ တာ လဲ,Anger,0.9774439930915833,True
Joy,အ ကြိုက် တွေ့ သွား ပြီ,Joy,0.9360134601593018,True
Surprise,မ ထင် မှတ် တဲ့ အ ချိန် မှာ ဗြုန်း ခ နဲ ရောက် လာ တဲ့ ပျော် ရွှင် မှု မျိုး,Surprise,0.9888412356376648,True
Love,နောက် ကျ သွား ခဲ့ ပြီ,Sadness,0.6245477199554443,False
Fear,မ သွား ရဲ ဘူး,Fear,0.9890148043632507,True
Sadness,နေ သား ကျ ဖို့ ကြိုး စား ရ တာ မော လှ ပြီ,Sadness,0.6302211880683899,True
Anger,မ လုပ် နိုင် ရင် မ ပြော နဲ့,Anger,0.9822851419448853,True
Fear,အိမ် မက် ဆိုး ကြီး,Fear,0.9726558327674866,True
Sadness,ငါ အ များ ကြီး ပင် ပန်း နေ ပြီ,Sadness,0.6913995146751404,True
Love,ဘာ မှ မ ရှိ တော့ ဘူး,Sadness,0.5178248882293701,False
Neutral,ဒီ နေ့ တော့ ဘာ အ လုပ် မှ မ တွေး ဘဲ နား နား နေ နေ ပဲ,Neutral,0.9547132253646851,True
Love,မင်း ရဲ့ အေး စက် စက် အ ကြည့် တွေ က ငါ့ ကို သတ် နေ တယ်,Love,0.9890755414962769,True
Neutral,အ တိတ် က အ ကြောင်း တွေ ကို တွေး ပြီး ပူ မ နေ တော့ ဘူး,Neutral,0.9621908664703369,True
Love,စိတ် တွေ လွင့် ပါး နေ တယ်,Sadness,0.6986080408096313,False
Sadness,အ နား မှာ ရှိ နေ ပေး မယ့် သူ လို ချင် မိ တယ်,Sadness,0.6600417494773865,True
Anger,မ မြင် ချင် ဘူး,Anger,0.9836463928222656,True
Neutral,စိတ် ထဲ မှာ ဘာ အ ပူ မှ မ ရှိ ဘဲ လွတ် လပ် နေ သ လို ခံ စား ရ တယ်,Neutral,0.94681715965271,True
Anger,မင်း ကိစ် စ မ ဟုတ် ဘူး,Anger,0.9757482409477234,True
Surprise,ဝါး ... ဒါ က တော့ လုံး ဝ ကို မျှော် လင့် မ ထား တဲ့ အ ကွက် ပဲ,Surprise,0.9907962083816528,True
Neutral,လန်း လန်း ဆန်း ဆန်း ပဲ,Neutral,0.9452705979347229,True
Fear,အ ထင် သေး ခံ ရ မှာ ကို ကြောက် တယ်,Fear,0.9926960468292236,True
Joy,စိတ် ထဲ မှာ အေး ချမ်း မှု အ ပြည့် နဲ့ ည ဘက် ကောင်း ကောင်း အိပ် စက် ရ မယ်,Neutral,0.7171022295951843,False
Neutral,ည နေ စောင်း လေ ညင်း တိုက် တဲ့ အ ချိန် မှာ မြစ် ကမ်း နား မှာ လမ်း လျှောက် ရ တာ စိတ် ထဲ က အ ပူ တွေ အား လုံး ကို လွင့် စင် သွား စေ သ လို ပဲ,Neutral,0.9323348999023438,True
Neutral,စိုး ရိမ် စ ရာ မ ရှိ တော့ ဘူး,Neutral,0.9573009610176086,True
Surprise,ဟယ် ... မိုက် လိုက် တာ နော်,Surprise,0.9906178116798401,True
Neutral,ဘာ မှ လော မ နေ ဘဲ တစ် ဆင့် ချင်း စီ သွား နေ တာ,Neutral,0.8009543418884277,True
Anger,အ ဝေး ကို သွား လိုက်,Anger,0.9731579422950745,True
Neutral,စိတ် ကျေ နပ် မှု အ ပြည့် နဲ့ ဖြတ် သန်း ခြင်း,Joy,0.7034979462623596,False
Sadness,အား လုံး ပြီး ဆုံး သွား တဲ့ အ ခါ မှ ငါ့ မှာ ဘာ မှ မ ကျန် ခဲ့ ဘူး ဆို တာ သိ လိုက် ရ တယ်,Neutral,0.6781954169273376,False
Love,သူ လည်း ငါ့ ကို နား မ လည် ပေး နိုင် ခဲ့ ဘူး,Sadness,0.6639407277107239,False
Fear,ကြောက် စိတ် ဝင် လာ ပြီ,Fear,0.9918277263641357,True
Joy,ပျော် စ ရာ နေ့,Joy,0.9762511849403381,True
Sadness,ဘယ် သူ့ ကို မှ မ ယုံ ရဲ တော့ ဘူး,Sadness,0.6745144724845886,True
Sadness,ဘာ ကြောင့် ငါ ပဲ အ မြဲ ခံ ရ လဲ,Sadness,0.7811687588691711,True
Joy,ဒါ မှ ဟုတ် တာ,Joy,0.7990195155143738,True
Joy,ကံ ကောင်း လိုက် တာ,Joy,0.9091312885284424,True
Joy,ဒီ နေ့ တော့ ကမ် ဘာ ကြီး တစ် ခု လုံး ငါ့ ဘက် မှာ ရှိ နေ သ လို ပဲ,Neutral,0.7191368937492371,False
Anger,စိတ် ပျက် ဖို့ ကောင်း လိုက် တာ,Anger,0.9843776226043701,True
Sadness,အ ထီး ကျန် မှု က ငါ့ ရဲ့ သူ ငယ် ချင်း ဖြစ် လာ တယ်,Sadness,0.6834831237792969,True
Love,အ ဆင် ပြေ ပါ တယ် လို့ ပြော ရ တာ ပင် ပန်း လှ ပြီ,Sadness,0.6397428512573242,False
Neutral,စိတ် လက် ပေါ့ ပါး စွာ အ နား ယူ ခြင်း,Neutral,0.9369024634361267,True
Joy,ရင် ခုန် ကြည် နူး,Joy,0.9595810770988464,True
Fear,ငြင်း ပယ် ခံ ရ မှာ ကို အ မြဲ ကြောက် ရွံ့ နေ မိ တယ်,Fear,0.9926658272743225,True
Neutral,ရိုး ရိုး ရှင်း ရှင်း နဲ့ အေး ချမ်း တဲ့ ဘ ဝ ကို ပဲ သ ဘော ကျ တယ်,Neutral,0.9421209096908569,True
Fear,ကြောက် စိတ် က ထိန်း မ ရ ဘူး,Fear,0.9916449189186096,True
Neutral,သက် တောင့် သက် သာ နဲ့ ဇိမ် ရှိ ရှိ,Neutral,0.9126067161560059,True
Fear,လူ သူ ကင်း မဲ့ တဲ့ လမ်း မ ကြီး က ကြောက် စ ရာ,Fear,0.9923610091209412,True
Sadness,အိပ် မက် တွေ က တ စ စီ ကြေ မွ လို့,Sadness,0.6463913321495056,True
Love,စိတ် ဒဏ် ရာ တွေ က အ ဖတ် တင် ကျန် ခဲ့ တယ်,Sadness,0.6862815022468567,False
Fear,အ သည်း ယား စ ရာ ကြီး,Fear,0.9784494042396545,True
Neutral,ဒီ နေ့ တော့ စိတ် သွား တိုင်း ကိုယ် ပါ ပဲ,Neutral,0.9357109069824219,True
Anger,လေ သံ ကို က စိတ် တို စ ရာ,Anger,0.9821234345436096,True
Anger,ခေါင်း မာ လိုက် တာ,Anger,0.9788620471954346,True
Neutral,ကိုယ့် စိတ် ကို ကိုယ် ပြန် ထိန်း နိုင် တာ အေး ချမ်း တယ်,Neutral,0.9479064345359802,True
Anger,တော် စမ်း ၊ ဘာ မှ ထပ် မ ပြော နဲ့,Anger,0.981808602809906,True
Neutral,အ လုပ် တွေ အား လုံး ပြီး စီး သွား တဲ့ ပိတ် ရက် မှာ ဘာ နှိုး စက် မှ ပေး မ ထား ဘဲ စိတ် ကြိုက် အိပ် ရေး ဝ ဝ အိပ် စက် ရ တာ တ ကယ့် ဇိမ် ပါ ပဲ,Neutral,0.8660376071929932,True
Fear,အ မ လေး ဗျို့,Neutral,0.43835020065307617,False
Anger,ဒီ မှာ စိတ် တို နေ ပြီ,Anger,0.977088451385498,True
Fear,ဒီ လမ်း ကြီး က ခြောက် ခြား စ ရာ ကြီး,Fear,0.9667463302612305,True
Joy,ခ ရီး သွား ရ လို့ ပျော် တယ်,Joy,0.9713174104690552,True
Joy,လ စာ ရ လို့ ပျော် တယ်,Joy,0.9741543531417847,True
Anger,ဘာ ဆိုင် လို့ လဲ,Anger,0.9783478379249573,True
Neutral,စိတ် ထဲ ပေါ့ ပေါ့ ပါး ပါး နဲ့,Neutral,0.9069775342941284,True
Neutral,နေ လို့ အ ရမ်း ကောင်း,Neutral,0.8601315021514893,True
Anger,တော် တော် စိတ် ပျက် ဖို့ ကောင်း တဲ့ နေ့ ပဲ,Anger,0.9770007133483887,True
Surprise,မ ယုံ နိုင် စ ရာ တွေ ဖြစ် ပျက် နေ တဲ့ နေ့ တစ် နေ့,Surprise,0.9904443621635437,True
Anger,က လေး က လား တွေ,Anger,0.969283938407898,True
Anger,ခေါင်း ကို ကိုက် သွား တာ ပဲ,Anger,0.5640533566474915,True
Neutral,ရှင်း ရှင်း လင်း လင်း ပဲ,Neutral,0.9308441281318665,True
Love,ခံ စား ချက် တွေ က သေ ဆုံး နေ သ လို ပဲ,Sadness,0.6225765943527222,False
Joy,အို ကေ ပဲ,Joy,0.8415887355804443,True
Sadness,တန် ဖိုး မ ထား တာ ကို ခံ ရ တဲ့ အ ခါ,Anger,0.5702530741691589,False
Neutral,ဘာ အ နှောင့် အ ဖွဲ့ မှ မ ရှိ တဲ့ ကိုယ် ပိုင် အ ချိန် လေး,Neutral,0.9350871443748474,True
Love,စ ကား တွေ လည်း ဆက် မ ပြော ချင် တော့ ဘူး,Sadness,0.6410703659057617,False
Neutral,စိတ် အေး လက် အေး စား သောက် ရ တာ,Neutral,0.9346830248832703,True
Surprise,ဝိုး ... မိုက် လိုက် တာ မှ လွန် ကော ပဲ,Surprise,0.9913949370384216,True
Sadness,ဘာ ကို မှ အား မ ရှိ တော့ ဘူး,Sadness,0.597195565700531,True
Anger,လူ ကို လာ နောက် နေ တာ လား,Anger,0.9848647117614746,True
Neutral,စိတ် ထဲ မှာ ဘာ အ မုန်း မှ မ ရှိ တော့ ဘူး,Neutral,0.6303304433822632,True
Sadness,ဝေး ကွာ ခြင်း,Sadness,0.8599925637245178,True
Anger,စိတ် မ ထိန်း နိုင် တော့ ဘူး,Anger,0.9812947511672974,True
Joy,စို ပြေ လန်း,Joy,0.8773682117462158,True
Love,ဘ ဝ က စုတ် ချက် ကြမ်း လှ ချည် လား,Sadness,0.7424345016479492,False
Love,ရင် ထဲ မှာ အ လုံး ကြီး ခံ နေ သ လို ပဲ,Sadness,0.6232591867446899,False
Joy,ပီ တိ ဖြစ် လို့ ပျော် တယ်,Joy,0.9586445093154907,True
Neutral,လော က ကြီး ရဲ့ အ လှ တ ရား ကို ခံ စား နေ ရ တယ်,Neutral,0.9177675247192383,True
Fear,ဘာ မှ မ လုပ် ပါ နဲ့,Anger,0.9605783820152283,False
Joy,ပြုံး ပျော် နိုင် ပြီ,Joy,0.9720374345779419,True
Joy,အ ပျော် လွန် နေ ပြီ,Joy,0.9671141505241394,True
Joy,အ ပျော် ဆုံး ပဲ,Joy,0.9703288078308105,True
Fear,တစ် ကိုယ် လုံး အေး စက် သွား တာ ပဲ,Neutral,0.9432280659675598,False
Sadness,စိတ် ဒဏ် ရာ,Sadness,0.7128708362579346,True
Sadness,ဘာ မှ အ ဓိပ် ပာယ် မ ရှိ တော့ တဲ့ ဘ ဝ,Sadness,0.5847917795181274,True
Anger,အ မှား အ ယွင်း တွေ ချည်း ပဲ,Anger,0.9504911303520203,True
Neutral,သ ဘာ ဝ အ တိုင်း အေး အေး ဆေး ဆေး ပဲ,Neutral,0.9624863862991333,True
Love,ဘာ အ လုပ် မှ လည်း လုပ် ချင် စိတ် မ ရှိ တော့ ဘူး,Sadness,0.5807626247406006,False
Neutral,ကိုယ့် စိတ် နဲ့ ကိုယ် လွတ် လပ် နေ တာ အ ကောင်း ဆုံး ခံ စား ချက်,Neutral,0.9303344488143921,True
Surprise,ဟာ ... တ ကယ် ကြီး လား လို့ ၊ မ နောက် နဲ့ နော်,Surprise,0.9917934536933899,True
Anger,တ ကယ် ကြီး စိတ် ပျက် ဖို့ ကောင်း တယ်,Anger,0.9816664457321167,True
Love,ရယ် မော ခြင်း တွေ နောက် ကွယ် က တ ကယ့် အ မှန် တ ရား က ငို ရှိုက် ခြင်း,Sadness,0.870124101638794,False
Neutral,စိတ် ထဲ မှာ ဘာ အ မုန်း တ ရား မှ မ ရှိ တာ အေး ချမ်း လိုက် တာ,Neutral,0.9562482833862305,True
Neutral,အ ရာ ရာ ကို အ ကောင်း မြင် ပေး လိုက် တာ ပေါ့ ပါး တယ်,Neutral,0.9553045034408569,True
Sadness,သောင် တင် နေ တဲ့ သင်္ ဘော ပျက် လို ပဲ,Sadness,0.6859975457191467,True
Neutral,အား လုံး အေး ဆေး,Neutral,0.7417487502098083,True
Anger,ဘာ မှ မ သိ ဘဲ ဝင် မ ပြော နဲ့,Anger,0.9797454476356506,True
Fear,အ ရိပ် ကြီး က ကျော ချမ်း စ ရာ,Fear,0.989283561706543,True
Neutral,ဘာ မှ မ ဖြစ် ပါ ဘူး,Sadness,0.43489834666252136,False
Anger,အ ဆင့် အ တန်း မ ရှိ ဘူး,Anger,0.9747843146324158,True
Anger,တစ် ခါ လေး တောင် အေး အေး ဆေး ဆေး မ နေ ရ ဘူး,Anger,0.8613585233688354,True
Anger,ပြော ရ တာ ပင် ပန်း တယ်,Anger,0.9803168773651123,True
Love,အ ချိန် တွေ ကို နောက် ပြန် လှည့် ချင် မိ တယ်,Sadness,0.648547351360321,False
Joy,အ ကောင်း ဆုံး အ ချိန်,Joy,0.6258482933044434,True
Joy,ဒီ နေ့ ဖြတ် သန်း ရ တဲ့ အ ချိန် တိုင်း က တန် ဖိုး ရှိ လွန်း တယ်,Joy,0.6675825715065002,True
Neutral,ဘာ မှ တွေး မ နေ တော့ ဘူး,Neutral,0.9593177437782288,True
Fear,ကြောက် လို့ သေ တော့ မယ်,Fear,0.9919222593307495,True
Anger,နည်း နည်း မှ အ သိ ဉာဏ် မ ရှိ ဘူး,Anger,0.9820333123207092,True
Anger,စိတ် ပျက် စ ရာ သတ် တ ဝါ,Anger,0.9751781225204468,True
Fear,တစ် ယောက် တည်း တော အုပ် ထဲ မှာ လမ်း ပျောက် သွား သ လို မျိုး ဘ ဝ မှာ လမ်း ပျောက် မှာ ကို အ ရမ်း ကြောက် တယ်,Fear,0.9924091100692749,True
Fear,ဘာ ကြီး လဲ အဲ့ ဒါ,Fear,0.8437404036521912,True
Neutral,ဘာ အ ပူ မှ မ ရှိ,Neutral,0.9018688797950745,True
Love,လူ ကြား ထဲ မှာ ရှိ နေ ပေ မဲ့ အ ရမ်း အ ထီး ကျန် တယ်,Love,0.552323043346405,True
Fear,အိမ် မက် ဆိုး တွေ က ခြောက် လှန့် တယ်,Fear,0.9909461736679077,True
Love,တောင်း ပန် ပါ တယ် ၊ ဒါ ပေ မဲ့ နောက် ကျ သွား ပြီ,Love,0.656951904296875,True
Joy,ခွေး လေး တွေ တွေ့ လို့ ပျော် တယ်,Joy,0.9569663405418396,True
Surprise,လုံး ဝ ရှော့ခ် ရ သွား သ လို ပဲ ၊ မ ယုံ နိုင် သေး ဘူး,Surprise,0.9917964935302734,True
Sadness,ရင် ထဲ မှာ မိုး တွေ ရွာ နေ တယ်,Sadness,0.7211728096008301,True
Joy,တစ် နေ့ တာ လုံး အ လုပ် တွေ ပြီး မြောက် လို့ အိပ် ရာ ထဲ လှဲ ချ လိုက် ရ တဲ့ အ ချိန်,Neutral,0.7838123440742493,False
Anger,စ ကား ကို ကောင်း ကောင်း ပြော လို့ မ ရ ဘူး,Anger,0.9757709503173828,True
Anger,မင်း က ဘာ မို့ လို့ လဲ,Anger,0.9752741456031799,True
Fear,အ မှောင် ထဲ မှာ တစ် ယောက် တည်း,Fear,0.7917561531066895,True
Joy,လန်း ဆန်း လှ ပ တဲ့ မ နက် ခင်း,Neutral,0.889232337474823,False
Love,အ ခန်း ထောင့် လေး ထဲ မှာ တစ် ယောက် တည်း ငို နေ မိ တယ်,Sadness,0.6884023547172546,False
Neutral,စိတ် ထဲ မှာ ရှင်း လင်း တောက် ပ နေ တယ်,Neutral,0.9472962021827698,True
Love,သ တိ ရ ပေ မဲ့ ဆက် သွယ် ခွင့် မ ရှိ တော့ တဲ့ အ ခါ,Sadness,0.6273541450500488,False
Anger,အ မြဲ တမ်း ဒီ လို ကြီး ပဲ,Fear,0.4106615483760834,False
Anger,အတ် တ သ မား တွေ,Joy,0.41628262400627136,False
Neutral,အေး ချမ်း ခြင်း ရဲ့ အ ရ သာ,Neutral,0.9198663234710693,True
Anger,လူ ယုတ် မာ,Joy,0.7302270531654358,False
Joy,အေး ချမ်း လို့ ပျော် တယ်,Joy,0.9371225237846375,True
Joy,ပျော် လွန်း လို့ ရင် ထဲ မှာ လိပ် ပြာ လေး တွေ ပျံ သန်း နေ သ လို မျိုး,Joy,0.8217141628265381,True
Neutral,ဒီ နေ့ ရာ သီ ဥ တု လေး က သာ သာ ယာ ယာ နဲ့ နေ လို့ ကောင်း တယ်,Neutral,0.819694995880127,True
Love,မျက် ရည် တွေ က ထိန်း မ ရ အောင် စီး ကျ လာ တယ်,Sadness,0.7225497961044312,False
Fear,မ လုပ် ပါ နဲ့,Fear,0.7273739576339722,True
Sadness,မျက် ရည် တွေ မ ခြောက် နိုင် တဲ့ ည,Sadness,0.7790613770484924,True
Fear,ဘာ ဖြစ် မ လဲ ဆို တာ တွေး ပြီး ရင် တုန် နေ ရ တယ်,Fear,0.9868832230567932,True
Neutral,အား လုံး အ ဆင် ပြေ ချော မွေ့ တယ်,Neutral,0.9107902646064758,True
Joy,စိတ် ထဲ ကြည် လို့,Joy,0.7932847738265991,True
Anger,ဝေး ဝေး သွား စမ်း,Anger,0.9788936972618103,True
Joy,ရင် ထဲ လန်း ဆန်း သွား တာ ပဲ,Neutral,0.6414452791213989,False
Love,အ မှောင် ထု ထဲ မှာ ပဲ နေ ချင် တော့ တယ်,Sadness,0.6232931017875671,False
Neutral,ဘာ မှ လော စ ရာ မ လို တဲ့ ဘ ဝ,Neutral,0.8731194138526917,True
Anger,အ ချိန် ပုပ် တယ်,Neutral,0.6470796465873718,False
Joy,မ နက် ခင်း အ လှ နဲ့ ပျော် တယ်,Joy,0.9691649079322815,True
Fear,ခွဲ စိတ် ရ မှာ ကို သွေး ပျက် တယ်,Fear,0.9894475936889648,True
Love,ငါ ဘာ ဆက် လုပ် ရ မ လဲ,Sadness,0.6964398622512817,False
Joy,မိုး လင်း လို့ မျက် လုံး ပွင့် လာ တာ နဲ့ စိတ် ထဲ မျှော် လင့် ချက် တွေ အ ပြည့် ရှိ နေ တဲ့ နေ့,Neutral,0.5914034843444824,False
Joy,အား ရ ပါး ရ ရယ် လိုက် ရ တယ်,Neutral,0.6321091651916504,False
Fear,လွှတ် ပေး ပါ,Fear,0.9106298089027405,True
Neutral,အေး ချမ်း ခြင်း တွေ ဝန်း ရံ နေ သ လို ပဲ,Neutral,0.47046947479248047,True
Sadness,ဘာ မှ မ လုပ် ချင် လောက် အောင် စိတ် ကုန် နေ ပြီ,Sadness,0.6768518090248108,True
Anger,ကိုယ့် အ ဆင့် ကိုယ် သိ,Anger,0.9751511216163635,True
Anger,စိတ် တို စ ရာ ကြီး,Anger,0.9764263033866882,True
Sadness,ရင် ထဲ မှာ အေး စက် လွန်း လှ တယ်,Sadness,0.5987061858177185,True
Joy,ရယ် ရ လို့ ပျော် တယ်,Joy,0.9604709148406982,True
Joy,အား ရ ကျေ နပ်,Joy,0.8695230484008789,True
Surprise,အံ့ ဩ လွန်း လို့ မျက် လုံး တောင် ပြူး သွား တယ်,Surprise,0.9913395047187805,True
Sadness,အား လုံး က ယာ ယီ ပါ ပဲ,Neutral,0.5290581583976746,False
Joy,အ ဝတ် အ စား အ ဟောင်း ထဲ က နေ ပိုက် ဆံ အ ကြွေ လေး တွေ ပြန် တွေ့ တဲ့ အ ပျော်,Joy,0.936526358127594,True
Fear,ချွေး စေး တွေ ပြန် လာ ပြီ,Fear,0.9860279560089111,True
Sadness,ဝမ်း နည်း ခြင်း တွေ နဲ့ ကုန် ဆုံး သွား တဲ့ နေ့ တစ် နေ့,Sadness,0.8242847323417664,True
Neutral,စိတ် ကူး ထဲ အ တိုင်း ပဲ,Neutral,0.6738521456718445,True
Fear,မ ကြည့် ရဲ ဘူး,Fear,0.9844978451728821,True
Joy,ဒီ နေ့ တော့ ဟတ် ထိ တယ်,Neutral,0.5076804757118225,False
Neutral,လော က ကြီး က သာ ယာ တယ်,Neutral,0.9142246246337891,True
Fear,ဘယ် သူ လဲ ဟင်,Fear,0.5490240454673767,True
Neutral,အ ရာ ရာ သာ ယာ အ ဆင် ပြေ ပါ စေ,Neutral,0.9050174951553345,True
Anger,ဒေါ သ မီး တွေ တောက် နေ ပြီ,Anger,0.9755046367645264,True
Neutral,စိတ် ရှုပ် စ ရာ တွေ ကို ဖယ် ထား ပြီး အေး ဆေး ပဲ နေ တော့ မယ်,Neutral,0.9503613710403442,True
Anger,အ ပို တွေ,Anger,0.9183820486068726,True
Neutral,ဘာ အ နှောင် အ ဖွဲ့ မှ မ ရှိ ဘူး,Neutral,0.9390653371810913,True
Joy,ကျေ နပ် မိ တယ်,Joy,0.8317852020263672,True
Joy,ပြုံး ပျော် ရွှင်,Joy,0.9780051112174988,True
Neutral,ကိုယ့် ကိုယ် ကိုယ် ပြန် ချစ် တတ် လာ တဲ့ နေ့,Neutral,0.8877407908439636,True
Sadness,တစ် ယောက် တည်း ဖြစ် သွား တဲ့ အ ခါ,Sadness,0.759120523929596,True
Joy,အား ရ စ ရာ ကြီး,Joy,0.8319583535194397,True
Joy,အ ပျော် တွေ ကူး စက် တယ်,Joy,0.9688616991043091,True
Fear,လူ စိမ်း တွေ နဲ့ စ ကား ပြော ရ မှာ လန့် တယ်,Fear,0.9914195537567139,True
Anger,ဖယ် စမ်း,Anger,0.9029691815376282,True
Neutral,စိတ် အေး ရ တဲ့ နေ ရာ လေး မှာ ရှိ နေ ရ တာ,Neutral,0.9571608901023865,True
Joy,အ ပင် လေး တွေ မှာ အ ဖူး အ ပွင့် လေး တွေ ဝေေ ဝ ဆာ ဆာ ပွင့် လာ တဲ့ နေ့,Neutral,0.832325279712677,False
Anger,လာ မ ရှုပ် နဲ့,Anger,0.9830744862556458,True
Fear,ခွေး ဟောင် သံ ကြား တာ နဲ့ တင် လန့် နေ ရ ပြီ,Fear,0.9804553389549255,True
Joy,ရင် ခုန် ကြည် နူး ရ တယ်,Joy,0.547920286655426,True
Fear,လူ တ ကာ နဲ့ မ တူ မှာ ကို ကြောက် တယ်,Fear,0.9928182363510132,True
Fear,လူ တွေ က ငါ့ ကို အ ပြစ် တင် ဝေ ဖန် ကြ တော့ မ လား ဆို တဲ့ အ တွေး ကြီး က ကျော ချမ်း စ ရာ ကောင်း လွန်း ပါ တယ်,Fear,0.9437850713729858,True
Neutral,လေ ကောင်း လေ သန့် ရ တယ်,Neutral,0.9231434464454651,True
Fear,လေ ယာဉ် စီး ရ မှာ ကို အ မြဲ တမ်း ကြောက် နေ ခဲ့ တာ,Fear,0.9926655888557434,True
Sadness,နှ လုံး သား တစ် ခု လုံး စုတ် ပြတ် သတ် သွား သ လို ခံ စား ရ တယ်,Sadness,0.7379839420318604,True
Joy,မျှော် လင့် ချက် ရှိ လို့ ပျော် တယ်,Joy,0.9780989289283752,True
Joy,ဒီ နေ့ တော့ ကိုယ့် ဘ ဝ ရဲ့ အ ပျော် ဆုံး စာ မျက် နှာ သစ် တစ် ခု ကို စ တင် ရေး ဆွဲ ခွင့် ရ ရှိ ခဲ့ ပြီ,Joy,0.740811824798584,True
Joy,အ ရာ ရာ က နေ ရာ တ ကျ နဲ့ အ ဆင် ပြေ လွန်း လို့ ကျေ နပ် မိ တာ,Neutral,0.6871435046195984,False
Anger,လူ ကို လာ မ ထိန်း ချုပ် နဲ့,Anger,0.977607011795044,True
Love,ဘာ လို့ ငါ့ ကို မှ ရွေး ပြီး ရက် စက် ရ တာ လဲ,Sadness,0.6035122871398926,False
Love,သစ် စာ ဖောက် ခံ ရ တဲ့ ခံ စား ချက် က အ ရမ်း နာ ကျင် ရ တယ်,Sadness,0.7703099250793457,False
Joy,ကံ ထူး ရှင် ပဲ,Joy,0.933827817440033,True
Neutral,ဟန် ဆောင် စ ရာ မ လို ဘူး,Anger,0.8391720652580261,False
Love,ငါ့ ကို ဘယ် သူ မှ ဂ ရု မ စိုက် ကြ ပါ ဘူး,Sadness,0.6627942323684692,False
Fear,သွေး ပျက် စ ရာ ကြီး,Fear,0.9280558824539185,True
Joy,အ ဆင် ပြေ ကိုး,Joy,0.6921658515930176,True
Fear,အိမ် မက် ဆိုး က နိုး ပါ ရ စေ,Fear,0.9460716247558594,True
Anger,လာ မ နှောင့် ယှက် နဲ့,Anger,0.9776408076286316,True
Love,မင်း မ ရှိ တဲ့ ကမ် ဘာ ကြီး က အ ရောင် မ ရှိ တော့ သ လို ပဲ,Sadness,0.5450552701950073,False
